,0,1,2,3,4,5,6,7
0,0.28,0.15,0.01,0.15,0.21,0.14,0.06,0.0
1,0.16,0.15,0.01,0.21,0.22,0.2,0.05,0.0
2,0.15,0.22,0.0,0.18,0.22,0.18,0.05,0.0
3,0.23,0.23,0.01,0.03,0.31,0.17,0.02,0.0
4,0.07,0.1,0.01,0.3,0.32,0.1,0.1,0.0
5,0.16,0.18,0.0,0.23,0.12,0.28,0.03,0.0
6,0.26,0.19,0.0,0.17,0.15,0.18,0.05,0.0
7,0.2,0.15,0.0,0.2,0.12,0.22,0.11,0.0
8,0.16,0.19,0.0,0.19,0.28,0.11,0.07,0.0
9,0.29,0.18,0.0,0.14,0.2,0.12,0.06,0.01
10,0.16,0.21,0.0,0.19,0.1,0.19,0.15,0.0
11,0.17,0.16,0.0,0.16,0.26,0.21,0.04,0.0
12,0.35,0.2,0.0,0.18,0.15,0.12,0.0,0.0
13,0.22,0.13,0.0,0.21,0.22,0.13,0.09,0.0
14,0.11,0.21,0.0,0.12,0.21,0.16,0.18,0.01
15,0.26,0.14,0.0,0.13,0.24,0.12,0.07,0.04
16,0.2,0.15,0.0,0.28,0.13,0.17,0.06,0.01
17,0.21,0.15,0.0,0.14,0.19,0.17,0.13,0.01
18,0.21,0.25,0.0,0.15,0.17,0.17,0.04,0.01
19,0.27,0.18,0.0,0.19,0.11,0.15,0.1,0.0
20,0.18,0.15,0.0,0.15,0.27,0.19,0.06,0.0
21,0.13,0.09,0.0,0.24,0.24,0.22,0.08,0.0
22,0.2,0.2,0.0,0.15,0.19,0.17,0.07,0.02
23,0.15,0.18,0.0,0.22,0.1,0.14,0.2,0.01
24,0.18,0.18,0.0,0.21,0.24,0.15,0.04,0.0
25,0.23,0.26,0.0,0.15,0.1,0.18,0.08,0.0
26,0.21,0.28,0.0,0.14,0.09,0.12,0.16,0.0
27,0.18,0.13,0.01,0.15,0.17,0.24,0.11,0.01
28,0.14,0.1,0.07,0.2,0.22,0.2,0.06,0.01
29,0.19,0.14,0.0,0.19,0.21,0.18,0.08,0.01
30,0.17,0.11,0.0,0.37,0.11,0.16,0.07,0.01
31,0.2,0.17,0.0,0.16,0.19,0.22,0.06,0.0
32,0.25,0.11,0.0,0.19,0.2,0.17,0.08,0.0
33,0.18,0.11,0.01,0.15,0.23,0.24,0.08,0.0
34,0.2,0.19,0.02,0.19,0.13,0.2,0.07,0.0
35,0.18,0.16,0.01,0.11,0.24,0.21,0.09,0.0
36,0.19,0.07,0.27,0.06,0.07,0.01,0.17,0.16
37,0.16,0.16,0.0,0.28,0.1,0.21,0.09,0.0
38,0.09,0.04,0.0,0.37,0.28,0.19,0.03,0.0
39,0.28,0.22,0.0,0.15,0.15,0.17,0.03,0.0
40,0.22,0.17,0.0,0.19,0.16,0.19,0.07,0.0
41,0.31,0.3,0.0,0.04,0.21,0.09,0.05,0.0
42,0.19,0.13,0.01,0.21,0.16,0.1,0.19,0.01
43,0.2,0.23,0.0,0.18,0.2,0.16,0.03,0.0
44,0.17,0.13,0.0,0.17,0.13,0.27,0.13,0.0
45,0.2,0.17,0.01,0.2,0.11,0.15,0.15,0.01
46,0.15,0.17,0.0,0.19,0.2,0.18,0.11,0.0
47,0.2,0.24,0.0,0.13,0.12,0.19,0.11,0.01
48,0.14,0.12,0.23,0.03,0.11,0.08,0.01,0.28
49,0.1,0.19,0.39,0.04,0.01,0.01,0.03,0.23
50,0.14,0.16,0.02,0.28,0.2,0.13,0.05,0.02
51,0.19,0.26,0.01,0.17,0.12,0.15,0.1,0.0
52,0.18,0.11,0.0,0.37,0.17,0.11,0.03,0.03
53,0.16,0.16,0.0,0.33,0.12,0.17,0.06,0.0
54,0.17,0.34,0.0,0.02,0.15,0.14,0.18,0.0
55,0.13,0.17,0.0,0.19,0.26,0.17,0.07,0.01
56,0.24,0.16,0.0,0.1,0.17,0.29,0.03,0.01
57,0.25,0.12,0.0,0.18,0.22,0.15,0.07,0.01
58,0.21,0.13,0.0,0.17,0.23,0.19,0.07,0.0
59,0.19,0.17,0.1,0.05,0.13,0.0,0.07,0.29
60,0.18,0.15,0.0,0.2,0.04,0.13,0.3,0.0
61,0.2,0.18,0.0,0.15,0.17,0.21,0.09,0.0
62,0.24,0.1,0.01,0.2,0.23,0.14,0.06,0.02
63,0.1,0.13,0.37,0.04,0.1,0.01,0.03,0.22
64,0.16,0.16,0.04,0.24,0.16,0.2,0.04,0.0
65,0.21,0.1,0.03,0.39,0.12,0.12,0.03,0.0
66,0.25,0.26,0.01,0.08,0.14,0.16,0.1,0.0
67,0.18,0.27,0.0,0.18,0.02,0.05,0.3,0.0
68,0.14,0.2,0.01,0.23,0.2,0.14,0.06,0.02
69,0.16,0.14,0.09,0.19,0.17,0.07,0.08,0.1
70,0.44,0.29,0.0,0.06,0.08,0.06,0.03,0.04
71,0.18,0.16,0.0,0.17,0.18,0.23,0.06,0.02
72,0.2,0.23,0.0,0.17,0.1,0.2,0.09,0.01
73,0.18,0.17,0.01,0.12,0.2,0.24,0.08,0.0
74,0.17,0.45,0.02,0.08,0.15,0.09,0.04,0.0
75,0.23,0.29,0.01,0.09,0.19,0.09,0.08,0.02
76,0.14,0.18,0.0,0.26,0.17,0.19,0.04,0.02
77,0.31,0.05,0.4,0.02,0.05,0.07,0.0,0.1
78,0.25,0.21,0.0,0.21,0.15,0.13,0.05,0.0
79,0.19,0.14,0.0,0.23,0.22,0.19,0.03,0.0
80,0.2,0.15,0.01,0.2,0.12,0.22,0.09,0.01
81,0.17,0.12,0.03,0.2,0.24,0.16,0.08,0.0
82,0.15,0.19,0.0,0.15,0.11,0.21,0.19,0.0
83,0.21,0.09,0.01,0.2,0.27,0.12,0.09,0.01
84,0.06,0.08,0.01,0.06,0.1,0.2,0.49,0.0
85,0.19,0.13,0.07,0.23,0.23,0.07,0.08,0.0
86,0.17,0.23,0.0,0.09,0.1,0.17,0.16,0.08
87,0.25,0.18,0.0,0.16,0.19,0.18,0.03,0.01
88,0.23,0.12,0.0,0.24,0.16,0.14,0.11,0.0
89,0.1,0.21,0.01,0.12,0.24,0.17,0.15,0.0
90,0.17,0.18,0.0,0.16,0.11,0.32,0.06,0.0
91,0.19,0.18,0.01,0.19,0.21,0.15,0.05,0.02
92,0.28,0.07,0.0,0.14,0.13,0.24,0.14,0.0
93,0.2,0.19,0.02,0.19,0.15,0.22,0.03,0.0
94,0.13,0.15,0.0,0.21,0.18,0.21,0.12,0.0
95,0.1,0.21,0.01,0.17,0.13,0.28,0.08,0.02
96,0.25,0.09,0.0,0.22,0.17,0.16,0.11,0.0
97,0.11,0.11,0.0,0.21,0.21,0.25,0.1,0.01
98,0.3,0.08,0.0,0.3,0.12,0.1,0.09,0.01
99,0.11,0.23,0.01,0.17,0.12,0.27,0.09,0.0
100,0.21,0.17,0.0,0.22,0.14,0.18,0.07,0.01
101,0.14,0.18,0.0,0.25,0.21,0.21,0.0,0.01
102,0.17,0.09,0.01,0.2,0.24,0.24,0.05,0.0
103,0.17,0.1,0.0,0.26,0.28,0.16,0.03,0.0
104,0.24,0.09,0.0,0.21,0.18,0.15,0.13,0.0
105,0.15,0.14,0.0,0.15,0.26,0.22,0.08,0.0
106,0.14,0.26,0.0,0.15,0.16,0.19,0.09,0.01
107,0.21,0.22,0.01,0.09,0.2,0.08,0.19,0.0
108,0.18,0.12,0.02,0.24,0.28,0.13,0.03,0.0
109,0.16,0.08,0.0,0.24,0.16,0.27,0.09,0.0
110,0.06,0.11,0.03,0.06,0.16,0.18,0.4,0.0
111,0.15,0.21,0.0,0.13,0.2,0.22,0.09,0.0
112,0.18,0.13,0.03,0.1,0.19,0.26,0.11,0.0
113,0.11,0.23,0.0,0.16,0.19,0.13,0.18,0.0
114,0.13,0.06,0.0,0.15,0.24,0.1,0.32,0.0
115,0.3,0.04,0.0,0.35,0.13,0.09,0.09,0.0
116,0.06,0.11,0.0,0.31,0.28,0.17,0.06,0.01
117,0.21,0.23,0.0,0.07,0.07,0.08,0.34,0.0
118,0.18,0.11,0.0,0.22,0.22,0.24,0.03,0.0
119,0.21,0.11,0.0,0.14,0.21,0.17,0.16,0.0
120,0.26,0.15,0.02,0.15,0.24,0.12,0.06,0.0
121,0.26,0.09,0.0,0.26,0.12,0.21,0.05,0.01
122,0.2,0.17,0.0,0.15,0.2,0.17,0.08,0.03
123,0.21,0.31,0.01,0.11,0.13,0.16,0.07,0.0
124,0.14,0.17,0.01,0.23,0.15,0.22,0.08,0.0
125,0.19,0.16,0.0,0.15,0.21,0.23,0.05,0.01
126,0.14,0.21,0.0,0.14,0.24,0.2,0.06,0.01
127,0.23,0.18,0.0,0.12,0.3,0.08,0.09,0.0
128,0.22,0.17,0.0,0.22,0.12,0.17,0.1,0.0
129,0.21,0.15,0.01,0.23,0.18,0.15,0.06,0.01
130,0.12,0.18,0.0,0.16,0.16,0.23,0.15,0.0
131,0.19,0.17,0.0,0.15,0.25,0.17,0.06,0.01
132,0.2,0.22,0.0,0.14,0.12,0.2,0.1,0.02
133,0.64,0.01,0.0,0.17,0.07,0.03,0.08,0.0
134,0.15,0.15,0.01,0.17,0.25,0.16,0.1,0.01
135,0.18,0.11,0.0,0.32,0.16,0.2,0.03,0.0
136,0.15,0.18,0.02,0.19,0.15,0.2,0.11,0.0
137,0.1,0.14,0.06,0.13,0.23,0.22,0.12,0.0
138,0.23,0.25,0.0,0.15,0.08,0.21,0.07,0.01
139,0.23,0.13,0.01,0.19,0.29,0.14,0.01,0.0
140,0.17,0.19,0.0,0.14,0.11,0.13,0.25,0.01
141,0.17,0.26,0.01,0.11,0.2,0.18,0.06,0.01
142,0.21,0.26,0.01,0.12,0.13,0.27,0.0,0.0
143,0.24,0.16,0.01,0.17,0.23,0.13,0.06,0.0
144,0.08,0.26,0.0,0.2,0.11,0.26,0.09,0.0
145,0.16,0.13,0.0,0.26,0.14,0.24,0.07,0.0
146,0.12,0.25,0.01,0.15,0.14,0.21,0.11,0.01
147,0.25,0.22,0.0,0.12,0.15,0.2,0.06,0.0
148,0.22,0.22,0.0,0.25,0.09,0.17,0.05,0.0
149,0.21,0.17,0.0,0.21,0.12,0.15,0.13,0.01
150,0.15,0.12,0.0,0.09,0.13,0.18,0.06,0.27
151,0.15,0.25,0.0,0.14,0.24,0.17,0.05,0.0
152,0.16,0.16,0.02,0.2,0.16,0.2,0.1,0.0
153,0.22,0.13,0.04,0.2,0.24,0.1,0.06,0.01
154,0.22,0.18,0.01,0.21,0.17,0.15,0.06,0.0
155,0.24,0.11,0.0,0.17,0.23,0.2,0.05,0.0
156,0.14,0.22,0.0,0.21,0.2,0.18,0.05,0.0
157,0.22,0.08,0.0,0.28,0.26,0.11,0.03,0.02
158,0.16,0.09,0.0,0.33,0.23,0.14,0.04,0.01
159,0.14,0.19,0.0,0.1,0.17,0.25,0.14,0.01
160,0.31,0.11,0.17,0.16,0.07,0.15,0.03,0.0
161,0.22,0.21,0.0,0.13,0.11,0.16,0.16,0.01
162,0.13,0.15,0.37,0.03,0.02,0.0,0.11,0.19
163,0.1,0.05,0.0,0.2,0.37,0.23,0.05,0.0
164,0.27,0.26,0.0,0.07,0.06,0.2,0.13,0.01
165,0.27,0.2,0.01,0.07,0.17,0.22,0.06,0.0
166,0.11,0.2,0.01,0.16,0.28,0.17,0.07,0.0
167,0.17,0.23,0.0,0.11,0.14,0.2,0.13,0.02
168,0.28,0.21,0.0,0.26,0.18,0.07,0.0,0.0
169,0.25,0.14,0.0,0.18,0.17,0.19,0.07,0.0
170,0.13,0.17,0.0,0.26,0.12,0.18,0.11,0.03
171,0.16,0.17,0.0,0.22,0.16,0.19,0.1,0.0
172,0.18,0.14,0.01,0.29,0.21,0.11,0.06,0.0
173,0.14,0.15,0.01,0.2,0.11,0.3,0.09,0.0
174,0.15,0.29,0.0,0.12,0.13,0.21,0.1,0.0
175,0.16,0.15,0.0,0.1,0.28,0.25,0.05,0.01
176,0.32,0.17,0.0,0.18,0.16,0.12,0.05,0.0
177,0.12,0.11,0.01,0.28,0.23,0.13,0.12,0.0
178,0.2,0.18,0.0,0.23,0.18,0.15,0.06,0.0
179,0.09,0.4,0.13,0.1,0.11,0.08,0.08,0.01
180,0.12,0.28,0.0,0.11,0.35,0.09,0.04,0.01
181,0.18,0.2,0.0,0.19,0.19,0.16,0.06,0.02
182,0.28,0.06,0.01,0.21,0.21,0.17,0.06,0.0
183,0.16,0.11,0.01,0.28,0.18,0.13,0.13,0.0
184,0.16,0.23,0.0,0.19,0.11,0.23,0.07,0.01
185,0.15,0.16,0.0,0.09,0.11,0.39,0.1,0.0
186,0.07,0.19,0.0,0.08,0.11,0.35,0.2,0.0
187,0.12,0.26,0.0,0.13,0.16,0.19,0.14,0.0
188,0.19,0.3,0.0,0.14,0.09,0.19,0.09,0.0
189,0.26,0.13,0.0,0.2,0.17,0.15,0.07,0.02
190,0.15,0.31,0.0,0.08,0.12,0.19,0.14,0.01
191,0.27,0.13,0.0,0.15,0.1,0.17,0.18,0.0
192,0.13,0.25,0.01,0.15,0.15,0.26,0.05,0.0
193,0.26,0.15,0.0,0.18,0.14,0.21,0.06,0.0
194,0.21,0.13,0.0,0.2,0.38,0.02,0.05,0.01
195,0.26,0.17,0.0,0.16,0.17,0.18,0.06,0.0
196,0.2,0.21,0.01,0.11,0.22,0.19,0.06,0.0
197,0.25,0.21,0.0,0.12,0.23,0.12,0.07,0.0
198,0.16333333333333333,0.01,0.6166666666666667,0.0,0.08,0.01,0.0,0.12
199,0.14,0.13,0.0,0.34,0.27,0.11,0.0,0.01
200,0.22,0.21,0.01,0.18,0.09,0.18,0.11,0.0
201,0.12,0.23,0.0,0.26,0.09,0.22,0.08,0.0
202,0.09,0.22,0.0,0.16,0.19,0.18,0.14,0.02
203,0.2,0.2,0.0,0.14,0.14,0.19,0.12,0.01
204,0.19,0.15,0.0,0.13,0.19,0.22,0.11,0.01
205,0.25,0.1,0.0,0.15,0.22,0.19,0.09,0.0
206,0.18,0.15,0.0,0.21,0.16,0.2,0.1,0.0
207,0.13,0.17,0.01,0.18,0.17,0.18,0.16,0.0
208,0.12,0.13,0.0,0.09,0.15,0.38,0.13,0.0
209,0.16,0.23,0.0,0.18,0.17,0.19,0.07,0.0
210,0.14,0.24,0.0,0.14,0.17,0.17,0.12,0.02
211,0.14,0.27,0.01,0.19,0.19,0.16,0.04,0.0
212,0.17,0.28,0.0,0.09,0.19,0.13,0.14,0.0
213,0.12,0.22,0.0,0.22,0.17,0.16,0.11,0.0
214,0.14,0.21,0.01,0.21,0.21,0.17,0.05,0.0
215,0.12,0.24,0.0,0.2,0.09,0.2,0.14,0.01
216,0.34,0.21,0.0,0.1,0.14,0.12,0.09,0.0
217,0.16,0.24,0.0,0.15,0.14,0.25,0.05,0.01
218,0.1,0.27,0.0,0.17,0.07,0.18,0.21,0.0
219,0.11,0.22,0.0,0.23,0.18,0.17,0.08,0.01
220,0.15,0.21,0.0,0.1,0.22,0.17,0.14,0.01
221,0.17,0.17,0.0,0.11,0.21,0.1275,0.2125,0.0
222,0.2,0.23,0.0,0.13,0.16,0.21,0.07,0.0
223,0.16,0.25,0.03,0.19,0.09,0.17,0.1,0.01
224,0.35,0.19,0.0,0.25,0.11,0.09,0.0,0.01
225,0.11,0.35,0.0,0.12,0.07,0.23,0.12,0.0
226,0.16,0.23,0.0,0.13,0.09,0.21,0.16,0.02
227,0.18,0.34,0.0,0.1,0.23,0.11,0.04,0.0
228,0.16,0.17,0.0,0.15,0.16,0.23,0.12,0.01
229,0.19,0.26,0.01,0.08,0.09,0.17,0.2,0.0
230,0.23,0.3,0.01,0.04,0.12,0.18,0.12,0.0
231,0.09,0.12,0.01,0.14,0.24,0.2,0.14,0.06
232,0.12,0.2,0.01,0.13,0.08,0.26,0.19,0.01
233,0.09,0.15,0.0,0.18,0.17,0.32,0.09,0.0
234,0.24,0.16,0.0,0.13,0.13,0.19,0.15,0.0
235,0.2,0.24,0.0,0.11,0.21,0.11,0.13,0.0
236,0.19,0.16,0.0,0.19,0.28,0.12,0.06,0.0
237,0.18,0.08,0.0,0.18,0.17,0.19,0.16,0.04
238,0.15,0.27,0.0,0.23,0.12,0.18,0.04,0.01
239,0.18,0.21,0.01,0.09,0.17,0.2,0.14,0.0
240,0.22,0.16,0.07,0.11,0.15,0.18,0.11,0.0
241,0.15,0.25,0.0,0.15,0.17,0.14,0.14,0.0
242,0.12,0.15,0.0,0.2,0.21,0.22,0.1,0.0
243,0.22,0.12,0.01,0.15,0.23,0.18,0.07,0.02
244,0.14,0.32,0.0,0.19,0.07,0.2,0.07,0.01
245,0.16,0.25,0.0,0.26,0.1,0.01,0.22,0.0
246,0.13,0.23,0.01,0.17,0.13,0.27,0.06,0.0
247,0.19,0.28,0.0,0.12,0.11,0.19,0.11,0.0
248,0.22,0.12,0.0,0.12,0.16,0.18,0.15,0.05
249,0.12,0.27,0.01,0.15,0.23,0.12,0.1,0.0
250,0.13,0.13,0.0,0.24,0.21,0.2,0.09,0.0
251,0.11,0.22,0.0,0.14,0.21,0.17,0.15,0.0
252,0.14,0.26,0.0,0.14,0.16,0.18,0.11,0.01
253,0.22,0.32,0.01,0.13,0.15,0.17,0.0,0.0
254,0.13,0.2,0.0,0.08,0.48,0.04,0.07,0.0
255,0.2,0.22,0.0,0.17,0.15,0.2,0.06,0.0
256,0.16,0.15,0.0,0.19,0.24,0.2,0.06,0.0
257,0.22,0.24,0.0,0.11,0.2,0.16,0.07,0.0
258,0.19,0.17,0.01,0.16,0.17,0.21,0.09,0.0
259,0.17,0.12,0.0,0.25,0.16,0.18,0.11,0.01
260,0.24,0.04,0.0,0.13,0.26,0.1,0.23,0.0
261,0.18,0.21,0.01,0.17,0.23,0.12,0.07,0.01
262,0.12,0.22,0.01,0.14,0.16,0.28,0.07,0.0
263,0.16,0.15,0.01,0.18,0.24,0.14,0.11,0.01
264,0.19,0.11,0.0,0.25,0.2,0.16,0.09,0.0
265,0.16,0.26,0.0,0.07,0.22,0.19,0.1,0.0
266,0.19,0.25,0.0,0.18,0.14,0.19,0.05,0.0
267,0.12,0.08,0.05,0.23,0.23,0.18,0.09,0.02
268,0.2,0.11,0.02,0.26,0.19,0.13,0.09,0.0
269,0.15,0.15,0.0,0.25,0.2,0.18,0.07,0.0
270,0.26,0.12,0.01,0.15,0.15,0.22,0.08,0.01
271,0.14,0.19,0.02,0.18,0.15,0.14,0.16,0.02
272,0.23,0.12,0.01,0.1,0.22,0.19,0.12,0.01
273,0.16,0.25,0.0,0.09,0.18,0.15,0.16,0.01
274,0.21,0.12,0.01,0.23,0.14,0.19,0.1,0.0
275,0.18,0.23,0.0,0.18,0.19,0.19,0.03,0.0
276,0.16,0.29,0.0,0.15,0.15,0.18,0.06,0.01
277,0.19,0.26,0.0,0.12,0.12,0.19,0.12,0.0
278,0.34888095238095246,0.22111904761904758,0.0,0.02,0.16,0.1525,0.0975,0.0
279,0.09,0.21,0.0,0.11,0.42,0.09,0.08,0.0
280,0.22,0.16,0.02,0.16,0.22,0.13,0.09,0.0
281,0.2,0.07,0.0,0.2,0.24,0.15,0.14,0.0
282,0.13,0.1,0.0,0.04,0.23,0.31,0.19,0.0
283,0.13,0.2,0.02,0.11,0.17,0.26,0.09,0.02
284,0.2,0.11,0.0,0.19,0.27,0.19,0.04,0.0
285,0.11,0.28,0.01,0.15,0.13,0.16,0.15,0.01
286,0.15,0.18,0.0,0.19,0.23,0.18,0.07,0.0
287,0.12,0.22,0.01,0.14,0.19,0.18,0.14,0.0
288,0.2,0.15,0.0,0.18,0.16,0.28,0.02,0.01
289,0.11,0.28,0.0,0.06,0.16,0.06,0.33,0.0
290,0.21,0.18,0.0,0.15,0.17,0.16,0.12,0.01
291,0.18,0.19,0.01,0.16,0.18,0.14,0.12,0.02
292,0.14,0.15,0.0,0.27,0.2,0.12,0.11,0.01
293,0.21,0.22,0.01,0.13,0.19,0.09,0.15,0.0
294,0.02,0.76,0.0,0.04,0.04,0.02,0.12,0.0
295,0.16,0.19,0.0,0.17,0.19,0.22,0.06,0.01
296,0.18,0.24,0.0,0.12,0.13,0.23,0.1,0.0
297,0.12,0.14,0.01,0.28,0.16,0.19,0.1,0.0
298,0.17,0.21,0.0,0.25,0.14,0.13,0.1,0.0
299,0.18,0.17,0.0,0.18,0.29,0.09,0.09,0.0
300,0.1,0.24,0.0,0.17,0.22,0.14,0.13,0.0
301,0.08,0.25,0.0,0.17,0.25,0.16,0.09,0.0
302,0.17,0.26,0.0,0.15,0.14,0.11,0.17,0.0
303,0.19,0.28,0.0,0.21,0.14,0.14,0.04,0.0
304,0.18,0.16,0.01,0.24,0.16,0.18,0.06,0.01
305,0.15,0.2,0.0,0.2,0.13,0.27,0.05,0.0
306,0.18,0.24,0.01,0.25,0.15,0.09,0.08,0.0
307,0.25,0.1,0.0,0.21,0.2,0.22,0.02,0.0
308,0.1,0.24,0.01,0.13,0.29,0.15,0.06,0.02
309,0.15,0.15,0.0,0.25,0.25,0.16,0.04,0.0
310,0.07,0.11,0.0,0.33,0.1,0.21,0.17,0.01
311,0.14,0.18,0.01,0.12,0.21,0.19,0.15,0.0
312,0.47,0.17,0.0,0.11,0.09,0.13,0.03,0.0
313,0.09,0.06,0.0,0.41,0.27,0.05,0.12,0.0
314,0.27,0.18,0.0,0.27,0.09,0.11,0.08,0.0
315,0.17,0.15,0.0,0.18,0.18,0.24,0.07,0.01
316,0.16,0.13,0.0,0.21,0.16,0.25,0.08,0.01
317,0.17,0.17,0.0,0.12,0.23,0.16,0.12,0.03
318,0.21,0.35,0.0,0.1,0.13,0.08,0.08,0.05
319,0.18,0.27,0.0,0.18,0.15,0.12,0.09,0.01
320,0.15,0.3,0.0,0.13,0.16,0.16,0.1,0.0
321,0.16,0.29,0.0,0.16,0.12,0.17,0.1,0.0
322,0.12,0.45,0.01,0.14,0.21,0.01,0.06,0.0
323,0.11,0.24,0.0,0.11,0.17,0.26,0.11,0.0
324,0.15,0.21,0.0,0.21,0.08,0.21,0.14,0.0
325,0.15,0.24,0.0,0.13,0.18,0.22,0.08,0.0
326,0.12,0.23,0.0,0.03,0.24,0.21,0.17,0.0
327,0.21,0.07,0.0,0.15,0.19,0.24,0.14,0.0
328,0.09,0.21,0.01,0.08,0.17,0.36,0.04,0.04
329,0.19,0.16,0.0,0.13,0.27,0.17,0.08,0.0
330,0.19,0.12,0.1,0.21,0.12,0.09,0.17,0.0
331,0.14,0.1,0.0,0.17,0.26,0.23,0.1,0.0
332,0.14,0.33,0.04,0.07,0.19,0.09,0.14,0.0
333,0.22,0.05,0.02,0.2,0.31,0.14,0.06,0.0
334,0.19,0.18,0.0,0.23,0.11,0.21,0.08,0.0
335,0.19,0.13,0.01,0.19,0.17,0.23,0.08,0.0
336,0.15,0.28,0.0,0.07,0.18,0.15,0.15,0.02
337,0.25,0.28,0.0,0.17,0.11,0.14,0.05,0.0
338,0.16,0.22,0.0,0.19,0.12,0.18,0.12,0.01
339,0.15,0.2,0.01,0.2,0.22,0.15,0.06,0.01
340,0.1,0.21,0.0,0.1,0.15,0.27,0.17,0.0
341,0.1,0.31,0.0,0.11,0.15,0.29,0.04,0.0
342,0.18,0.14,0.08,0.14,0.24,0.07,0.15,0.0
343,0.15,0.16,0.01,0.23,0.21,0.16,0.08,0.0
344,0.13,0.23,0.0,0.25,0.21,0.13,0.04,0.01
345,0.15,0.23,0.0,0.12,0.17,0.22,0.11,0.0
346,0.07,0.19,0.0,0.07,0.27,0.27,0.12,0.01
347,0.16,0.18,0.0,0.14,0.18,0.18,0.15,0.01
348,0.22,0.2,0.0,0.17,0.12,0.2,0.09,0.0
349,0.11,0.14,0.0,0.25,0.26,0.19,0.05,0.0
350,0.17,0.3,0.0,0.14,0.14,0.18,0.07,0.0
351,0.1,0.23,0.0,0.12,0.18,0.32,0.05,0.0
352,0.11,0.33,0.0,0.14,0.22,0.19,0.01,0.0
353,0.1,0.18,0.0,0.09,0.14,0.28,0.2,0.01
354,0.13,0.25,0.0,0.07,0.18,0.1,0.27,0.0
355,0.14,0.24,0.01,0.17,0.16,0.17,0.11,0.0
356,0.17,0.22,0.0,0.14,0.15,0.23,0.07,0.02
357,0.12,0.2,0.0,0.11,0.19,0.24,0.14,0.0
358,0.12,0.3,0.0,0.14,0.17,0.15,0.12,0.0
359,0.16,0.11,0.01,0.28,0.16,0.21,0.07,0.0
360,0.11,0.2,0.0,0.15,0.12,0.24,0.16,0.02
361,0.16,0.25,0.02,0.19,0.12,0.18,0.08,0.0
362,0.19,0.23,0.0,0.13,0.14,0.16,0.15,0.0
363,0.21,0.12,0.01,0.29,0.17,0.15,0.05,0.0
364,0.27,0.17,0.0,0.12,0.15,0.23,0.06,0.0
365,0.35,0.17,0.0,0.15,0.12,0.15,0.06,0.0
366,0.47,0.1,0.0,0.05,0.11,0.13,0.14,0.0
367,0.24,0.19,0.0,0.16,0.14,0.2,0.07,0.0
368,0.3,0.05,0.01,0.2,0.1,0.23,0.11,0.0
369,0.09,0.12,0.34,0.01,0.02,0.05,0.13,0.24
370,0.17,0.16,0.0,0.21,0.1,0.22,0.13,0.01
371,0.15,0.15,0.0,0.18,0.19,0.23,0.08,0.02
372,0.3,0.14,0.01,0.2,0.17,0.14,0.04,0.0
373,0.15,0.23,0.0,0.14,0.19,0.16,0.13,0.0
374,0.18,0.16,0.0,0.18,0.16,0.18,0.12,0.02
375,0.19,0.13,0.02,0.16,0.16,0.25,0.09,0.0
376,0.15,0.14,0.0,0.2,0.15,0.27,0.06,0.03
377,0.18,0.23,0.0,0.19,0.05,0.16,0.16,0.03
378,0.19,0.29,0.01,0.1,0.15,0.15,0.11,0.0
379,0.24,0.19,0.01,0.11,0.21,0.12,0.12,0.0
380,0.18,0.21,0.0,0.22,0.12,0.21,0.05,0.01
381,0.17,0.25,0.0,0.13,0.17,0.24,0.04,0.0
382,0.11,0.19,0.0,0.13,0.27,0.18,0.12,0.0
383,0.11,0.23,0.0,0.16,0.12,0.26,0.12,0.0
384,0.18,0.2,0.01,0.15,0.18,0.2,0.08,0.0
385,0.21,0.18,0.0,0.13,0.15,0.26,0.07,0.0
386,0.24,0.21,0.02,0.05,0.2,0.22,0.04,0.02
387,0.37,0.06,0.0,0.19,0.2,0.13,0.05,0.0
388,0.16,0.23,0.03,0.19,0.13,0.21,0.05,0.0
389,0.16,0.11,0.0,0.26,0.26,0.14,0.07,0.0
390,0.17,0.18,0.0,0.16,0.18,0.2,0.1,0.01
391,0.16,0.15,0.0,0.22,0.12,0.28,0.07,0.0
392,0.47,0.1,0.0,0.05,0.16,0.06,0.16,0.0
393,0.24,0.18,0.0,0.21,0.15,0.17,0.05,0.0
394,0.18,0.26,0.0,0.19,0.12,0.18,0.07,0.0
395,0.13,0.25,0.0,0.18,0.13,0.14,0.13,0.04
396,0.2,0.21,0.01,0.13,0.16,0.2,0.09,0.0
397,0.15,0.24,0.0,0.12,0.17,0.21,0.1,0.01
398,0.18,0.22,0.0,0.13,0.19,0.2,0.08,0.0
399,0.14,0.12,0.0,0.26,0.13,0.22,0.12,0.01
400,0.0,0.01,0.96,0.01,0.0,0.0,0.0,0.02
401,0.0014285714285714286,0.12,0.7185714285714286,0.02,0.0,0.0,0.05,0.09
402,0.0,0.0,1.0,0.0,0.0,0.0,0.0,0.0
403,0.0,0.0,1.0,0.0,0.0,0.0,0.0,0.0
404,0.04,0.01,0.86,0.0,0.0,0.01,0.0,0.08
405,0.0,0.0,1.0,0.0,0.0,0.0,0.0,0.0
406,0.01,0.0,0.88,0.03,0.02,0.01,0.0,0.05
407,0.04,0.0,0.93,0.0,0.0,0.01,0.0,0.02
408,0.04,0.0,0.88,0.0,0.0,0.02,0.0,0.06
409,0.0,0.0,0.99,0.0,0.0,0.0,0.0,0.01
410,0.02,0.0,0.94,0.01,0.0,0.0,0.0,0.03
411,0.01,0.0,0.98,0.0,0.0,0.0,0.0,0.01
412,0.021,0.0,0.949,0.0,0.0,0.0,0.0,0.03
413,0.0,0.0,0.99,0.0,0.0,0.0,0.0,0.01
414,0.05333333333333333,0.01,0.9266666666666665,0.0,0.0,0.0,0.0,0.01
415,0.0,0.01,0.92,0.0,0.03,0.0,0.0,0.04
416,0.22,0.08,0.14,0.19,0.15,0.14,0.07,0.01
417,0.02,0.07,0.72,0.03,0.02,0.02,0.0,0.12
418,0.0,0.0,1.0,0.0,0.0,0.0,0.0,0.0
419,0.01,0.01,0.96,0.0,0.01,0.0,0.0,0.01
420,0.08,0.01,0.78,0.04,0.03,0.0,0.02,0.04
421,0.01,0.01,0.98,0.0,0.0,0.0,0.0,0.0
422,0.0,0.0,1.0,0.0,0.0,0.0,0.0,0.0
423,0.0,0.02,0.95,0.0,0.0,0.0,0.0,0.03
424,0.03,0.07,0.82,0.02,0.0,0.0,0.01,0.05
425,0.03,0.0,0.76,0.02,0.01,0.0,0.07,0.11
426,0.06,0.1,0.42,0.14,0.17,0.08,0.03,0.0
427,0.02,0.0,0.97,0.01,0.0,0.0,0.0,0.0
428,0.02,0.0,0.91,0.0,0.0,0.01,0.02,0.04
429,0.01,0.0,0.99,0.0,0.0,0.0,0.0,0.0
430,0.04,0.0,0.86,0.01,0.0,0.03,0.01,0.05
431,0.0,0.0,0.99,0.01,0.0,0.0,0.0,0.0
432,0.01,0.01,0.92,0.0,0.02,0.01,0.0,0.03
433,0.01,0.0,0.9,0.01,0.01,0.01,0.0,0.06
434,0.12,0.01,0.65,0.0,0.07,0.01,0.01,0.13
435,0.0,0.0,1.0,0.0,0.0,0.0,0.0,0.0
436,0.06,0.06,0.53,0.16,0.11,0.01,0.05,0.02
437,0.03,0.02,0.82,0.01,0.02,0.0,0.02,0.08
438,0.02,0.05,0.91,0.0,0.02,0.0,0.0,0.0
439,0.03,0.01,0.72,0.08,0.0,0.0,0.02,0.14
440,0.01,0.0,0.99,0.0,0.0,0.0,0.0,0.0
441,0.01,0.0,0.99,0.0,0.0,0.0,0.0,0.0
442,0.01,0.0,0.96,0.0,0.0,0.0,0.0,0.03
443,0.0,0.0,1.0,0.0,0.0,0.0,0.0,0.0
444,0.05,0.0,0.94,0.0,0.01,0.0,0.0,0.0
445,0.05,0.04,0.67,0.06,0.08,0.07,0.03,0.0
446,0.0,0.0,0.97,0.01,0.0,0.0,0.0,0.02
447,0.06,0.04,0.74,0.02,0.02,0.01,0.02,0.09
448,0.0,0.0,0.96,0.0,0.0,0.0,0.0,0.04
449,0.01,0.0,0.94,0.01,0.01,0.0,0.03,0.0
450,0.09,0.1,0.16,0.14,0.19,0.18,0.12,0.02
451,0.04,0.0,0.81,0.02,0.0,0.01,0.03,0.09
452,0.05,0.0,0.89,0.0,0.02,0.0,0.03,0.01
453,0.05,0.04,0.84,0.0,0.01,0.0,0.0,0.06
454,0.08,0.04,0.52,0.08,0.19,0.03,0.06,0.0
455,0.02,0.0,0.92,0.0,0.0,0.0,0.01,0.05
456,0.0,0.0,0.99,0.0,0.0,0.0,0.0,0.01
457,0.03,0.0,0.92,0.0,0.02,0.0,0.0,0.03
458,0.03,0.01,0.85,0.05,0.0,0.0,0.01,0.05
459,0.07,0.03,0.69,0.06,0.09,0.03,0.03,0.0
460,0.01,0.0,0.98,0.01,0.0,0.0,0.0,0.0
461,0.0,0.0,0.98,0.0,0.0,0.0,0.0,0.02
462,0.01,0.02,0.91,0.01,0.02,0.0,0.0,0.03
463,0.0,0.0,1.0,0.0,0.0,0.0,0.0,0.0
464,0.05,0.04,0.65,0.06,0.11,0.06,0.03,0.0
465,0.04,0.0,0.92,0.0,0.01,0.01,0.01,0.01
466,0.18,0.05,0.57,0.01,0.03,0.0,0.0,0.16
467,0.0,0.0,1.0,0.0,0.0,0.0,0.0,0.0
468,0.0,0.0,1.0,0.0,0.0,0.0,0.0,0.0
469,0.05,0.0,0.82,0.01,0.03,0.02,0.0,0.07
470,0.04,0.06,0.02,0.06,0.03,0.0,0.1,0.69
471,0.05,0.03,0.76,0.0,0.04,0.02,0.0,0.1
472,0.0,0.01,0.89,0.03,0.02,0.02,0.0,0.03
473,0.01,0.05,0.81,0.02,0.04,0.0,0.01,0.06
474,0.0,0.0,0.94,0.0,0.01,0.0,0.01,0.04
475,0.02,0.0,0.97,0.0,0.0,0.01,0.0,0.0
476,0.04,0.06,0.74,0.04,0.09,0.0,0.0,0.03
477,0.0,0.0,0.99,0.0,0.0,0.0,0.0,0.01
478,0.01,0.0,0.97,0.0,0.0,0.0,0.0,0.02
479,0.0,0.0,0.99,0.01,0.0,0.0,0.0,0.0
480,0.0,0.0,1.0,0.0,0.0,0.0,0.0,0.0
481,0.13,0.01,0.73,0.01,0.04,0.0,0.0,0.08
482,0.06,0.01,0.83,0.03,0.04,0.03,0.0,0.0
483,0.03,0.02,0.87,0.01,0.0,0.01,0.0,0.06
484,0.0,0.0,1.0,0.0,0.0,0.0,0.0,0.0
485,0.0175,0.0,0.9025,0.0,0.03,0.0,0.0,0.05
486,0.0,0.0,1.0,0.0,0.0,0.0,0.0,0.0
487,0.03,0.04,0.85,0.02,0.01,0.01,0.0,0.04
488,0.01,0.0,0.97,0.0,0.0,0.0,0.0,0.02
489,0.0,0.0,0.99,0.0,0.0,0.0,0.0,0.01
490,0.0,0.0,1.0,0.0,0.0,0.0,0.0,0.0
491,0.06,0.0,0.79,0.02,0.0,0.01,0.07,0.05
492,0.02,0.03,0.86,0.0,0.03,0.01,0.02,0.03
493,0.0,0.0,1.0,0.0,0.0,0.0,0.0,0.0
494,0.03,0.0,0.91,0.01,0.01,0.04,0.0,0.0
495,0.0,0.0,1.0,0.0,0.0,0.0,0.0,0.0
496,0.0,0.0,0.96,0.02,0.01,0.0,0.0,0.01
497,0.03,0.03,0.83,0.02,0.03,0.0,0.0,0.06
498,0.04,0.0,0.88,0.0,0.01,0.02,0.0,0.05
499,0.0,0.0,1.0,0.0,0.0,0.0,0.0,0.0
500,0.02,0.0,0.93,0.0,0.01,0.0,0.02,0.02
501,0.05,0.02,0.79,0.0,0.03,0.0,0.0,0.11
502,0.0,0.0,1.0,0.0,0.0,0.0,0.0,0.0
503,0.07,0.0,0.9,0.0,0.01,0.01,0.0,0.01
504,0.01,0.01,0.92,0.01,0.01,0.01,0.01,0.02
505,0.0,0.01,0.97,0.0,0.0,0.0,0.0,0.02
506,0.05,0.04,0.7,0.08,0.07,0.04,0.01,0.01
507,0.02,0.01,0.8,0.0,0.04,0.03,0.03,0.07
508,0.16,0.06,0.32,0.16,0.17,0.03,0.09,0.01
509,0.0,0.04,0.92,0.0,0.0,0.0,0.01,0.03
510,0.01,0.01,0.95,0.0,0.01,0.0,0.0,0.02
511,0.09,0.04,0.6,0.12,0.04,0.07,0.03,0.01
512,0.0,0.0,0.98,0.0,0.0,0.0,0.02,0.0
513,0.0,0.0,0.99,0.0,0.01,0.0,0.0,0.0
514,0.135,0.14,0.485,0.02,0.1,0.0,0.0,0.12
515,0.0,0.0,0.99,0.0,0.0,0.0,0.0,0.01
516,0.0,0.0,0.99,0.0,0.0,0.0,0.0,0.01
517,0.01,0.0,0.96,0.0,0.0,0.01,0.0,0.02
518,0.07,0.0,0.84,0.01,0.03,0.02,0.0,0.03
519,0.01,0.03,0.88,0.01,0.05,0.0,0.0,0.02
520,0.0,0.0,1.0,0.0,0.0,0.0,0.0,0.0
521,0.05,0.05,0.8,0.05,0.02,0.01,0.01,0.01
522,0.0,0.0,0.98,0.01,0.0,0.0,0.0,0.01
523,0.01,0.01,0.98,0.0,0.0,0.0,0.0,0.0
524,0.0,0.0,0.99,0.0,0.0,0.0,0.01,0.0
525,0.02,0.02,0.87,0.02,0.01,0.0,0.01,0.05
526,0.0,0.0,1.0,0.0,0.0,0.0,0.0,0.0
527,0.01,0.02,0.94,0.0,0.0,0.0,0.01,0.02
528,0.0,0.0,0.96,0.0,0.0,0.0,0.0,0.04
529,0.0,0.01,0.99,0.0,0.0,0.0,0.0,0.0
530,0.01,0.01,0.93,0.02,0.0,0.01,0.0,0.02
531,0.0,0.0,0.94,0.0,0.0,0.0,0.0,0.06
532,0.0,0.0,1.0,0.0,0.0,0.0,0.0,0.0
533,0.04,0.03,0.88,0.02,0.0,0.0,0.0,0.03
534,0.05,0.02,0.77,0.01,0.09,0.01,0.03,0.02
535,0.01,0.0,0.97,0.0,0.0,0.0,0.0,0.02
536,0.1,0.04,0.59,0.08,0.12,0.04,0.03,0.0
537,0.05,0.02,0.86,0.01,0.0,0.0,0.0,0.06
538,0.07,0.01,0.9,0.0,0.02,0.0,0.0,0.0
539,0.01,0.01,0.95,0.02,0.0,0.0,0.0,0.01
540,0.0,0.0,1.0,0.0,0.0,0.0,0.0,0.0
541,0.0,0.0,1.0,0.0,0.0,0.0,0.0,0.0
542,0.0,0.0,0.99,0.0,0.0,0.0,0.0,0.01
543,0.005,0.0,0.975,0.0,0.0,0.0,0.01,0.01
544,0.0,0.0,0.97,0.01,0.0,0.0,0.02,0.0
545,0.02,0.0,0.9,0.01,0.02,0.03,0.0,0.02
546,0.02,0.01,0.95,0.0,0.0,0.0,0.0,0.02
547,0.01,0.01,0.95,0.0,0.0,0.0,0.0,0.03
548,0.02,0.03,0.86,0.0,0.02,0.0,0.0,0.07
549,0.08,0.01,0.8,0.01,0.02,0.02,0.01,0.05
550,0.0,0.0,1.0,0.0,0.0,0.0,0.0,0.0
551,0.04,0.0,0.95,0.0,0.0,0.0,0.0,0.01
552,0.0,0.0,1.0,0.0,0.0,0.0,0.0,0.0
553,0.0,0.0,1.0,0.0,0.0,0.0,0.0,0.0
554,0.01,0.01,0.95,0.0,0.02,0.0,0.0,0.01
555,0.01,0.0,0.8,0.04,0.08,0.05,0.02,0.0
556,0.0,0.0,0.97,0.0,0.0,0.0,0.0,0.03
557,0.04,0.02,0.86,0.01,0.0,0.0,0.01,0.06
558,0.0,0.02,0.94,0.01,0.0,0.0,0.0,0.03
559,0.3003690476190476,0.0,0.6796309523809524,0.0,0.0,0.0,0.0,0.02
560,0.0,0.0,1.0,0.0,0.0,0.0,0.0,0.0
561,0.044333333333333336,0.02,0.8156666666666667,0.0,0.01,0.0,0.0,0.11
562,0.02,0.0,0.91,0.0,0.01,0.01,0.04,0.01
563,0.03,0.0,0.97,0.0,0.0,0.0,0.0,0.0
564,0.0,0.0,1.0,0.0,0.0,0.0,0.0,0.0
565,0.0,0.0,1.0,0.0,0.0,0.0,0.0,0.0
566,0.01,0.0,0.96,0.0,0.0,0.0,0.0,0.03
567,0.08,0.06,0.55,0.07,0.09,0.07,0.08,0.0
568,0.0,0.0,1.0,0.0,0.0,0.0,0.0,0.0
569,0.03,0.0,0.89,0.0,0.01,0.02,0.0,0.05
570,0.0,0.0,1.0,0.0,0.0,0.0,0.0,0.0
571,0.06,0.07,0.51,0.04,0.06,0.06,0.07,0.13
572,0.1,0.08,0.48,0.11,0.09,0.12,0.02,0.0
573,0.01,0.0,0.97,0.0,0.0,0.0,0.0,0.02
574,0.0,0.0,0.93,0.01,0.0,0.01,0.01,0.04
575,0.1,0.0,0.71,0.02,0.02,0.04,0.02,0.09
576,0.11,0.01,0.58,0.05,0.06,0.01,0.01,0.17
577,0.01,0.0,0.92,0.0,0.0,0.0,0.02,0.05
578,0.0,0.0,0.98,0.0,0.0,0.0,0.0,0.02
579,0.04,0.02,0.89,0.0,0.0,0.01,0.01,0.03
580,0.03,0.0,0.9,0.0,0.01,0.0,0.0,0.06
581,0.09,0.07,0.29,0.14,0.1,0.13,0.03,0.15
582,0.06,0.08,0.62,0.02,0.01,0.0,0.05,0.16
583,0.0,0.0,1.0,0.0,0.0,0.0,0.0,0.0
584,0.01,0.02,0.76,0.03,0.04,0.0,0.1,0.04
585,0.2,0.07,0.24,0.2,0.16,0.07,0.06,0.0
586,0.01,0.0,0.97,0.0,0.0,0.0,0.0,0.02
587,0.01,0.09,0.86,0.02,0.0,0.0,0.0,0.02
588,0.0,0.0,0.98,0.0,0.01,0.0,0.0,0.01
589,0.0,0.01,0.97,0.0,0.0,0.0,0.0,0.02
590,0.0,0.0,1.0,0.0,0.0,0.0,0.0,0.0
591,0.08,0.09,0.42,0.09,0.11,0.15,0.02,0.04
592,0.32,0.08,0.34,0.02,0.1,0.01,0.02,0.11
593,0.32,0.08,0.34,0.02,0.1,0.01,0.02,0.11
594,0.02,0.0,0.97,0.0,0.0,0.0,0.0,0.01
595,0.0,0.0,0.93,0.01,0.02,0.0,0.01,0.03
596,0.0,0.0,1.0,0.0,0.0,0.0,0.0,0.0
597,0.0,0.01,0.95,0.0,0.0,0.0,0.01,0.03
598,0.08,0.06,0.39,0.01,0.07,0.07,0.09,0.23
599,0.05,0.0,0.93,0.0,0.0,0.0,0.0,0.02
600,0.16,0.07,0.04,0.22,0.3,0.16,0.05,0.0
601,0.17,0.15,0.0,0.19,0.17,0.27,0.05,0.0
602,0.19,0.22,0.01,0.2,0.13,0.15,0.1,0.0
603,0.11,0.16,0.0,0.22,0.2,0.2,0.11,0.0
604,0.19,0.17,0.0,0.16,0.27,0.11,0.1,0.0
605,0.21,0.17,0.0,0.13,0.12,0.29,0.08,0.0
606,0.23,0.06,0.01,0.19,0.26,0.19,0.03,0.03
607,0.2,0.09,0.01,0.29,0.24,0.13,0.04,0.0
608,0.14,0.12,0.0,0.23,0.22,0.18,0.1,0.01
609,0.05,0.05,0.33,0.2,0.01,0.0,0.05,0.31
610,0.19,0.12,0.0,0.26,0.2,0.2,0.03,0.0
611,0.15,0.13,0.03,0.23,0.2,0.18,0.05,0.03
612,0.18,0.1,0.0,0.26,0.34,0.09,0.02,0.01
613,0.23,0.13,0.0,0.25,0.14,0.19,0.06,0.0
614,0.22,0.16,0.0,0.21,0.16,0.17,0.07,0.01
615,0.11,0.16,0.0,0.16,0.24,0.21,0.1,0.02
616,0.14,0.19,0.02,0.24,0.19,0.1,0.07,0.05
617,0.32,0.13,0.0,0.1,0.12,0.32,0.01,0.0
618,0.19,0.16,0.0,0.27,0.15,0.18,0.04,0.01
619,0.1,0.43,0.0,0.09,0.12,0.14,0.12,0.0
620,0.16,0.07,0.0,0.23,0.21,0.16,0.15,0.02
621,0.26,0.14,0.0,0.11,0.15,0.2,0.09,0.05
622,0.17,0.09,0.0,0.25,0.13,0.28,0.08,0.0
623,0.17,0.08,0.0,0.21,0.19,0.29,0.06,0.0
624,0.22,0.16,0.0,0.29,0.16,0.14,0.03,0.0
625,0.24,0.2,0.0,0.15,0.16,0.14,0.11,0.0
626,0.19,0.07,0.01,0.23,0.23,0.2,0.07,0.0
627,0.13333333333333333,0.05,0.5566666666666666,0.04,0.09,0.01,0.02,0.1
628,0.23,0.05,0.0,0.31,0.2,0.16,0.05,0.0
629,0.15,0.2,0.0,0.15,0.16,0.23,0.1,0.01
630,0.17,0.11,0.12,0.29,0.13,0.12,0.06,0.0
631,0.14,0.2,0.0,0.08,0.31,0.11,0.14,0.02
632,0.11,0.21,0.0,0.18,0.15,0.26,0.09,0.0
633,0.15,0.17,0.0,0.14,0.21,0.26,0.06,0.01
634,0.24,0.35,0.0,0.13,0.14,0.11,0.03,0.0
635,0.21,0.18,0.0,0.18,0.22,0.17,0.04,0.0
636,0.11,0.18,0.0,0.27,0.18,0.2,0.05,0.01
637,0.19,0.09,0.0,0.23,0.18,0.24,0.06,0.01
638,0.12,0.16,0.0,0.23,0.19,0.2,0.09,0.01
639,0.17,0.08,0.0,0.24,0.27,0.16,0.08,0.0
640,0.24,0.14,0.0,0.16,0.13,0.28,0.04,0.01
641,0.21,0.18,0.0,0.12,0.2,0.18,0.09,0.02
642,0.17,0.19,0.0,0.18,0.17,0.22,0.07,0.0
643,0.2,0.29,0.0,0.11,0.11,0.14,0.15,0.0
644,0.18,0.18,0.04,0.11,0.28,0.15,0.06,0.0
645,0.18,0.07,0.01,0.47,0.13,0.1,0.03,0.01
646,0.16,0.17,0.0,0.26,0.12,0.19,0.1,0.0
647,0.17,0.32,0.0,0.13,0.11,0.14,0.13,0.0
648,0.17,0.23,0.0,0.18,0.27,0.1,0.04,0.01
649,0.16,0.08,0.0,0.26,0.27,0.16,0.04,0.03
650,0.16,0.17,0.0,0.25,0.18,0.13,0.11,0.0
651,0.15,0.15,0.0,0.26,0.24,0.17,0.03,0.0
652,0.25,0.04,0.01,0.18,0.18,0.06,0.23,0.05
653,0.14,0.23,0.0,0.19,0.14,0.21,0.09,0.0
654,0.19,0.11,0.01,0.21,0.19,0.19,0.09,0.01
655,0.21,0.1,0.0,0.24,0.3,0.08,0.05,0.02
656,0.18,0.06,0.0,0.24,0.21,0.22,0.09,0.0
657,0.1,0.14,0.02,0.24,0.32,0.12,0.06,0.0
658,0.15,0.16,0.01,0.27,0.13,0.24,0.04,0.0
659,0.14,0.19,0.0,0.27,0.19,0.18,0.03,0.0
660,0.16,0.11,0.01,0.17,0.19,0.24,0.12,0.0
661,0.11,0.26,0.01,0.14,0.26,0.12,0.06,0.04
662,0.22,0.17,0.0,0.13,0.17,0.22,0.09,0.0
663,0.17,0.24,0.0,0.16,0.12,0.25,0.06,0.0
664,0.19,0.19,0.0,0.18,0.15,0.23,0.06,0.0
665,0.29,0.3,0.01,0.05,0.15,0.13,0.05,0.02
666,0.18,0.34,0.0,0.12,0.14,0.15,0.07,0.0
667,0.16,0.18,0.01,0.13,0.13,0.21,0.11,0.07
668,0.23,0.13,0.0,0.24,0.15,0.19,0.06,0.0
669,0.24,0.11,0.01,0.25,0.18,0.1,0.1,0.01
670,0.13,0.11,0.12,0.14,0.33,0.15,0.02,0.0
671,0.08,0.19,0.02,0.06,0.55,0.04,0.06,0.0
672,0.19,0.11,0.0,0.23,0.14,0.19,0.12,0.02
673,0.2,0.1,0.02,0.19,0.14,0.25,0.1,0.0
674,0.18,0.06,0.0,0.27,0.29,0.16,0.03,0.01
675,0.23,0.07,0.0,0.28,0.24,0.13,0.05,0.0
676,0.14,0.11,0.0,0.17,0.28,0.25,0.05,0.0
677,0.14,0.24,0.0,0.16,0.18,0.17,0.09,0.02
678,0.12,0.21,0.0,0.23,0.17,0.21,0.06,0.0
679,0.19,0.19,0.02,0.16,0.19,0.11,0.14,0.0
680,0.15,0.13,0.01,0.22,0.29,0.14,0.05,0.01
681,0.19,0.17,0.0,0.19,0.2,0.18,0.07,0.0
682,0.23,0.12,0.0,0.19,0.14,0.18,0.11,0.03
683,0.14,0.32,0.0,0.17,0.06,0.16,0.15,0.0
684,0.19,0.14,0.0,0.21,0.23,0.09,0.14,0.0
685,0.13,0.2,0.0,0.21,0.1,0.19,0.15,0.02
686,0.14,0.01,0.0,0.41,0.1,0.28,0.05,0.01
687,0.2,0.14,0.0,0.21,0.16,0.15,0.13,0.01
688,0.22,0.05,0.02,0.21,0.29,0.15,0.06,0.0
689,0.22,0.19,0.0,0.16,0.19,0.2,0.04,0.0
690,0.22,0.22,0.01,0.19,0.12,0.16,0.08,0.0
691,0.07,0.47,0.01,0.16,0.13,0.03,0.13,0.0
692,0.09,0.25,0.0,0.15,0.25,0.19,0.06,0.01
693,0.17,0.15,0.0,0.19,0.27,0.14,0.08,0.0
694,0.17,0.1,0.0,0.28,0.24,0.16,0.05,0.0
695,0.27,0.25,0.0,0.11,0.18,0.09,0.1,0.0
696,0.15,0.17,0.01,0.21,0.13,0.22,0.1,0.01
697,0.21,0.14,0.0,0.19,0.21,0.17,0.07,0.01
698,0.16,0.16,0.0,0.23,0.24,0.13,0.08,0.0
699,0.21,0.46,0.0,0.1,0.13,0.07,0.03,0.0
700,0.25,0.27,0.01,0.19,0.16,0.08,0.04,0.0
701,0.16,0.19,0.01,0.16,0.15,0.2,0.12,0.01
702,0.09,0.22,0.0,0.27,0.11,0.23,0.08,0.0
703,0.12,0.18,0.0,0.24,0.24,0.14,0.07,0.01
704,0.1,0.12,0.0,0.21,0.2,0.26,0.03,0.08
705,0.2,0.18,0.14,0.04,0.08,0.02,0.02,0.32
706,0.16,0.1,0.01,0.23,0.2,0.16,0.13,0.01
707,0.11,0.19,0.02,0.3,0.17,0.15,0.06,0.0
708,0.19,0.25,0.0,0.12,0.13,0.22,0.08,0.01
709,0.18,0.21,0.0,0.14,0.08,0.29,0.1,0.0
710,0.18,0.1,0.01,0.21,0.19,0.25,0.06,0.0
711,0.24,0.2,0.0,0.13,0.13,0.19,0.09,0.02
712,0.43,0.26,0.0,0.05,0.12,0.12,0.02,0.0
713,0.21,0.16,0.01,0.21,0.2,0.17,0.04,0.0
714,0.35,0.22,0.0,0.09,0.23,0.06,0.05,0.0
715,0.2,0.13,0.01,0.21,0.25,0.12,0.08,0.0
716,0.28,0.28,0.0,0.16,0.17,0.07,0.04,0.0
717,0.21,0.09,0.01,0.17,0.23,0.2,0.08,0.01
718,0.15,0.11,0.02,0.23,0.23,0.09,0.05,0.12
719,0.17,0.22,0.0,0.26,0.19,0.14,0.02,0.0
720,0.14,0.15,0.01,0.24,0.26,0.16,0.03,0.01
721,0.15,0.16,0.0,0.21,0.19,0.23,0.06,0.0
722,0.13,0.03,0.01,0.4,0.22,0.11,0.1,0.0
723,0.21,0.17,0.02,0.2,0.18,0.16,0.06,0.0
724,0.15,0.12,0.0,0.02,0.22,0.05,0.44,0.0
725,0.21,0.21,0.0,0.14,0.17,0.17,0.1,0.0
726,0.2,0.18,0.0,0.2,0.1,0.18,0.14,0.0
727,0.2,0.11,0.01,0.24,0.24,0.13,0.07,0.0
728,0.17,0.05,0.03,0.12,0.14,0.25,0.08,0.16
729,0.17,0.15,0.0,0.24,0.13,0.18,0.13,0.0
730,0.18,0.17,0.0,0.13,0.22,0.25,0.05,0.0
731,0.14,0.13,0.0,0.26,0.18,0.18,0.11,0.0
732,0.2,0.13,0.0,0.26,0.2,0.16,0.05,0.0
733,0.15,0.21,0.0,0.15,0.21,0.21,0.07,0.0
734,0.15,0.07,0.0,0.38,0.12,0.04,0.23,0.01
735,0.17,0.19,0.0,0.15,0.2,0.2,0.06,0.03
736,0.15,0.23,0.0,0.2,0.12,0.25,0.05,0.0
737,0.19,0.13,0.01,0.2,0.12,0.22,0.12,0.01
738,0.18,0.23,0.0,0.14,0.12,0.23,0.09,0.01
739,0.19,0.09,0.0,0.33,0.22,0.13,0.04,0.0
740,0.16,0.15,0.01,0.13,0.27,0.16,0.12,0.0
741,0.15,0.19,0.0,0.2,0.12,0.22,0.11,0.01
742,0.18,0.19,0.0,0.18,0.19,0.15,0.11,0.0
743,0.16,0.17,0.0,0.19,0.22,0.19,0.07,0.0
744,0.16,0.07,0.02,0.21,0.33,0.13,0.07,0.01
745,0.14,0.19,0.0,0.24,0.21,0.17,0.05,0.0
746,0.09,0.13,0.1,0.16,0.18,0.11,0.11,0.12
747,0.16,0.15,0.0,0.22,0.14,0.23,0.09,0.01
748,0.14,0.18,0.0,0.15,0.13,0.29,0.11,0.0
749,0.16,0.14,0.0,0.24,0.13,0.23,0.09,0.01
750,0.14,0.1,0.0,0.28,0.25,0.18,0.05,0.0
751,0.13,0.01,0.63,0.0,0.08,0.01,0.01,0.13
752,0.19,0.35,0.0,0.11,0.27,0.07,0.01,0.0
753,0.01,0.02,0.01,0.87,0.06,0.02,0.01,0.0
754,0.2,0.23,0.0,0.22,0.12,0.12,0.09,0.02
755,0.13,0.21,0.01,0.26,0.11,0.23,0.05,0.0
756,0.2,0.07,0.01,0.24,0.19,0.19,0.09,0.01
757,0.18,0.25,0.0,0.17,0.13,0.16,0.09,0.02
758,0.13,0.24,0.0,0.19,0.13,0.23,0.08,0.0
759,0.13,0.18,0.0,0.21,0.14,0.23,0.11,0.0
760,0.15,0.21,0.0,0.18,0.11,0.23,0.12,0.0
761,0.15,0.18,0.0,0.16,0.26,0.17,0.08,0.0
762,0.22,0.18,0.01,0.22,0.15,0.13,0.09,0.0
763,0.16,0.13,0.02,0.41,0.14,0.1,0.04,0.0
764,0.17,0.15,0.0,0.24,0.2,0.18,0.05,0.01
765,0.18,0.24,0.0,0.24,0.13,0.15,0.05,0.01
766,0.17,0.2,0.01,0.17,0.23,0.14,0.06,0.02
767,0.22,0.15,0.0,0.22,0.15,0.14,0.12,0.0
768,0.17,0.12,0.01,0.31,0.18,0.13,0.08,0.0
769,0.26,0.19,0.15,0.06,0.26,0.07,0.01,0.0
770,0.19,0.29,0.0,0.15,0.11,0.23,0.03,0.0
771,0.19,0.12,0.02,0.26,0.23,0.16,0.02,0.0
772,0.17,0.14,0.0,0.15,0.16,0.3,0.08,0.0
773,0.26,0.26,0.0,0.11,0.13,0.22,0.02,0.0
774,0.18,0.15,0.01,0.17,0.19,0.15,0.15,0.0
775,0.07,0.12,0.01,0.34,0.13,0.24,0.09,0.0
776,0.16,0.15,0.01,0.33,0.12,0.17,0.05,0.01
777,0.2,0.15,0.0,0.16,0.26,0.15,0.08,0.0
778,0.16,0.21,0.01,0.14,0.12,0.27,0.08,0.01
779,0.14,0.17,0.02,0.27,0.13,0.16,0.1,0.01
780,0.21,0.12,0.0,0.17,0.18,0.21,0.1,0.01
781,0.2,0.14,0.0,0.24,0.13,0.22,0.07,0.0
782,0.1,0.21,0.0,0.05,0.43,0.05333333333333333,0.15666666666666665,0.0
783,0.17,0.2,0.0,0.16,0.15,0.15,0.14,0.03
784,0.14,0.16,0.0,0.12,0.26,0.2,0.11,0.01
785,0.22,0.08,0.0,0.24,0.27,0.09,0.08,0.02
786,0.16,0.25,0.01,0.28,0.08,0.18,0.02,0.02
787,0.12,0.29,0.0,0.07,0.32,0.12,0.08,0.0
788,0.2,0.12,0.0,0.31,0.18,0.1,0.09,0.0
789,0.18,0.27,0.0,0.12,0.07,0.15,0.21,0.0
790,0.11,0.23,0.0,0.12,0.25,0.21,0.07,0.01
791,0.28,0.28,0.0,0.21,0.14,0.09,0.0,0.0
792,0.16,0.09,0.0,0.24,0.18,0.17,0.16,0.0
793,0.08,0.11,0.0,0.38,0.14,0.22,0.07,0.0
794,0.2,0.1,0.02,0.25,0.23,0.12,0.07,0.01
795,0.24,0.14,0.0,0.23,0.16,0.2,0.03,0.0
796,0.2,0.15,0.0,0.19,0.15,0.19,0.11,0.01
797,0.17,0.15,0.0,0.23,0.16,0.21,0.07,0.01
798,0.15,0.15,0.0,0.26,0.24,0.15,0.05,0.0
799,0.24,0.2,0.0,0.23,0.13,0.15,0.05,0.0
800,0.21,0.19,0.0,0.11,0.14,0.23,0.12,0.0
801,0.21,0.11,0.0,0.2,0.14,0.23,0.11,0.0
802,0.29,0.11,0.01,0.16,0.18,0.16,0.09,0.0
803,0.19,0.15,0.0,0.27,0.19,0.15,0.04,0.01
804,0.09,0.21,0.0,0.12,0.19,0.31,0.05,0.03
805,0.14,0.19,0.0,0.21,0.28,0.11,0.07,0.0
806,0.22,0.15,0.0,0.04,0.19,0.29,0.1,0.01
807,0.14,0.22,0.0,0.18,0.12,0.19,0.15,0.0
808,0.19,0.1,0.0,0.32,0.18,0.16,0.04,0.01
809,0.26,0.1,0.02,0.21,0.15,0.18,0.06,0.02
810,0.15,0.24,0.0,0.22,0.13,0.17,0.09,0.0
811,0.16,0.23,0.0,0.16,0.15,0.24,0.06,0.0
812,0.16,0.09,0.0,0.23,0.16,0.13,0.22,0.01
813,0.07,0.21,0.01,0.15,0.13,0.23,0.2,0.0
814,0.21,0.23,0.0,0.17,0.15,0.15,0.09,0.0
815,0.21,0.17,0.0,0.19,0.13,0.18,0.11,0.01
816,0.17,0.21,0.0,0.15,0.15,0.16,0.14,0.02
817,0.18,0.33,0.0,0.07,0.11,0.21,0.09,0.01
818,0.13,0.19,0.0,0.3,0.14,0.19,0.05,0.0
819,0.15,0.13,0.0,0.22,0.27,0.12,0.1,0.01
820,0.19,0.14,0.0,0.11,0.24,0.2,0.12,0.0
821,0.17,0.19,0.02,0.17,0.19,0.19,0.07,0.0
822,0.25,0.1,0.14,0.08,0.24,0.07,0.01,0.11
823,0.18,0.24,0.0,0.13,0.17,0.19,0.08,0.01
824,0.23,0.16,0.0,0.12,0.28,0.14,0.07,0.0
825,0.12,0.07,0.01,0.25,0.21,0.21,0.11,0.02
826,0.15,0.28,0.0,0.11,0.13,0.18,0.14,0.01
827,0.21,0.19,0.0,0.12,0.19,0.21,0.08,0.0
828,0.26,0.18,0.0,0.24,0.12,0.17,0.03,0.0
829,0.13,0.18,0.0,0.22,0.17,0.21,0.08,0.01
830,0.19,0.16,0.0,0.28,0.21,0.12,0.04,0.0
831,0.21,0.25,0.04,0.15,0.12,0.1,0.13,0.0
832,0.16,0.21,0.0,0.18,0.16,0.13,0.16,0.0
833,0.42,0.11,0.0,0.04,0.26,0.01,0.16,0.0
834,0.18,0.19,0.0,0.12,0.17,0.23,0.11,0.0
835,0.13,0.1,0.0,0.2,0.13,0.27,0.16,0.01
836,0.19,0.1,0.0,0.26,0.13,0.26,0.03,0.03
837,0.21,0.17,0.0,0.12,0.2,0.24,0.06,0.0
838,0.19,0.22,0.01,0.11,0.12,0.26,0.08,0.01
839,0.17,0.16,0.0,0.22,0.23,0.16,0.06,0.0
840,0.23,0.17,0.01,0.2,0.12,0.19,0.08,0.0
841,0.14,0.22,0.01,0.18,0.18,0.2,0.07,0.0
842,0.21,0.17,0.0,0.14,0.07,0.24,0.17,0.0
843,0.25,0.24,0.02,0.08,0.15,0.15,0.11,0.0
844,0.21,0.17,0.0,0.18,0.19,0.18,0.07,0.0
845,0.15,0.12,0.0,0.27,0.26,0.16,0.04,0.0
846,0.13,0.14,0.03,0.21,0.23,0.21,0.05,0.0
847,0.17,0.12,0.0,0.14,0.25,0.18,0.13,0.01
848,0.34,0.19,0.0,0.04,0.17,0.16,0.07,0.03
849,0.13,0.23,0.01,0.15,0.18,0.24,0.06,0.0
850,0.13,0.21,0.0,0.07,0.21,0.27,0.09,0.02
851,0.17,0.12,0.0,0.18,0.15,0.3,0.08,0.0
852,0.11,0.29,0.0,0.11,0.25,0.15,0.09,0.0
853,0.19,0.24,0.0,0.2,0.16,0.18,0.03,0.0
854,0.22,0.12,0.01,0.14,0.3,0.17,0.04,0.0
855,0.17,0.22,0.02,0.17,0.21,0.17,0.03,0.01
856,0.11,0.14,0.01,0.21,0.37,0.14,0.02,0.0
857,0.08,0.23,0.0,0.06,0.14,0.12,0.36,0.01
858,0.14,0.15,0.0,0.26,0.23,0.15,0.06,0.01
859,0.17,0.11,0.0,0.27,0.23,0.18,0.04,0.0
860,0.1,0.3,0.01,0.11,0.13,0.14,0.21,0.0
861,0.09,0.36,0.0,0.1,0.38,0.05,0.0,0.02
862,0.15,0.26,0.0,0.19,0.24,0.13,0.03,0.0
863,0.17,0.07,0.01,0.32,0.13,0.17,0.11,0.02
864,0.14,0.4,0.0,0.08,0.06,0.19,0.13,0.0
865,0.23,0.14,0.0,0.22,0.18,0.19,0.04,0.0
866,0.12,0.12,0.0,0.21,0.27,0.18,0.1,0.0
867,0.11,0.26,0.0,0.14,0.22,0.16,0.11,0.0
868,0.1,0.21,0.0,0.19,0.3,0.12,0.08,0.0
869,0.2,0.09,0.0,0.17,0.25,0.18,0.11,0.0
870,0.1,0.32,0.0,0.19,0.27,0.07,0.05,0.0
871,0.1,0.17,0.01,0.22,0.27,0.17,0.06,0.0
872,0.18,0.14,0.0,0.22,0.18,0.19,0.08,0.01
873,0.15,0.17,0.01,0.26,0.15,0.19,0.06,0.01
874,0.21,0.07,0.02,0.33,0.13,0.15,0.09,0.0
875,0.15,0.21,0.0,0.22,0.15,0.19,0.08,0.0
876,0.19,0.17,0.02,0.28,0.1,0.13,0.11,0.0
877,0.15,0.12,0.0,0.21,0.24,0.11,0.17,0.0
878,0.18,0.16,0.0,0.14,0.23,0.14,0.15,0.0
879,0.09,0.05,0.0,0.51,0.05,0.03,0.27,0.0
880,0.2,0.2,0.0,0.15,0.17,0.13,0.15,0.0
881,0.12,0.2,0.0,0.05,0.34,0.23,0.06,0.0
882,0.1,0.25,0.0,0.18,0.22,0.17,0.08,0.0
883,0.21,0.13,0.02,0.12,0.3,0.13,0.08,0.01
884,0.16,0.16,0.0,0.24,0.22,0.15,0.06,0.01
885,0.24,0.15,0.0,0.14,0.28,0.12,0.03,0.04
886,0.18,0.18,0.01,0.15,0.26,0.11,0.08,0.03
887,0.15,0.14,0.01,0.31,0.3,0.07,0.02,0.0
888,0.46,0.24,0.0,0.08,0.09,0.12,0.0,0.01
889,0.12,0.16,0.04,0.11,0.21,0.3,0.06,0.0
890,0.17,0.09,0.01,0.25,0.23,0.18,0.04,0.03
891,0.22,0.1,0.0,0.27,0.12,0.24,0.03,0.02
892,0.14,0.13,0.01,0.2,0.22,0.2,0.1,0.0
893,0.21,0.18,0.01,0.1,0.15,0.23,0.1,0.02
894,0.18,0.16,0.0,0.2,0.17,0.15,0.13,0.01
895,0.21,0.25,0.0,0.11,0.17,0.19,0.07,0.0
896,0.14,0.15,0.0,0.21,0.12,0.28,0.09,0.01
897,0.20821428571428569,0.20178571428571426,0.0,0.04,0.28,0.1756666666666667,0.09433333333333334,0.0
898,0.16,0.12,0.0,0.2,0.21,0.14,0.17,0.0
899,0.15,0.23,0.0,0.13,0.15,0.19,0.12,0.03
900,0.18,0.29,0.0,0.06,0.16,0.16,0.15,0.0
901,0.2,0.22,0.01,0.2,0.16,0.14,0.06,0.01
902,0.11,0.14,0.0,0.31,0.21,0.11,0.12,0.0
903,0.17,0.19,0.0,0.18,0.17,0.15,0.13,0.01
904,0.16,0.26,0.0,0.27,0.13,0.15,0.03,0.0
905,0.34,0.12,0.04,0.21,0.18,0.09,0.02,0.0
906,0.17,0.27,0.0,0.13,0.14,0.18,0.11,0.0
907,0.15,0.14,0.0,0.21,0.28,0.13,0.09,0.0
908,0.15,0.2,0.03,0.08,0.13,0.25,0.09,0.07
909,0.2,0.09,0.17,0.1,0.24,0.12,0.06,0.02
910,0.21,0.13,0.0,0.18,0.17,0.19,0.12,0.0
911,0.16,0.11,0.0,0.2,0.27,0.15,0.11,0.0
912,0.21,0.11,0.0,0.19,0.31,0.15,0.02,0.01
913,0.22,0.27,0.0,0.1,0.24,0.09,0.08,0.0
914,0.175,0.04,0.195,0.17,0.24,0.13,0.04,0.01
915,0.09,0.13,0.0,0.16,0.23,0.3,0.09,0.0
916,0.17,0.05,0.02,0.23,0.24,0.2,0.08,0.01
917,0.15,0.07,0.0,0.25,0.22,0.18,0.13,0.0
918,0.28,0.19,0.01,0.08,0.2,0.07,0.16,0.01
919,0.14,0.13,0.01,0.24,0.14,0.2,0.13,0.01
920,0.17,0.17,0.01,0.23,0.12,0.21,0.09,0.0
921,0.18,0.12,0.0,0.23,0.19,0.24,0.03,0.01
922,0.24,0.12,0.0,0.13,0.33,0.18,0.0,0.0
923,0.16,0.27,0.0,0.06,0.27,0.15,0.09,0.0
924,0.06,0.04,0.0,0.56,0.14,0.17,0.03,0.0
925,0.19,0.45,0.0,0.07,0.17,0.05,0.07,0.0
926,0.16,0.11,0.01,0.28,0.21,0.17,0.05,0.01
927,0.19,0.24,0.01,0.15,0.12,0.27,0.01,0.01
928,0.16,0.15,0.0,0.2,0.22,0.23,0.04,0.0
929,0.13,0.22,0.01,0.22,0.24,0.09,0.08,0.01
930,0.1,0.11,0.0,0.18,0.36,0.19,0.05,0.01
931,0.08,0.4,0.0,0.09,0.17,0.24,0.02,0.0
932,0.03,0.43,0.0,0.05,0.36,0.03,0.1,0.0
933,0.25,0.06,0.01,0.24,0.19,0.13,0.12,0.0
934,0.15,0.21,0.06,0.08,0.18,0.17,0.13,0.02
935,0.1,0.34,0.0,0.09,0.2,0.19,0.08,0.0
936,0.12,0.07,0.0,0.29,0.24,0.19,0.09,0.0
937,0.17,0.16,0.0,0.15,0.15,0.24,0.12,0.01
938,0.18,0.14,0.0,0.26,0.26,0.13,0.03,0.0
939,0.19,0.24,0.0,0.24,0.1,0.14,0.07,0.02
940,0.09,0.25,0.0,0.1,0.18,0.29,0.09,0.0
941,0.15,0.06,0.02,0.24,0.31,0.16,0.06,0.0
942,0.2,0.17,0.0,0.15,0.16,0.25,0.06,0.01
943,0.21,0.15,0.0,0.18,0.34,0.09,0.03,0.0
944,0.16,0.07,0.01,0.24,0.33,0.15,0.04,0.0
945,0.23,0.21,0.0,0.13,0.12,0.24,0.07,0.0
946,0.19,0.15,0.0,0.21,0.19,0.22,0.03,0.01
947,0.15,0.21,0.0,0.1,0.1,0.3,0.14,0.0
948,0.19,0.15,0.02,0.14,0.27,0.16,0.06,0.01
949,0.18,0.1,0.0,0.2,0.25,0.17,0.1,0.0
950,0.16,0.16,0.0,0.22,0.27,0.11,0.05,0.03
951,0.15,0.32,0.0,0.13,0.18,0.11,0.11,0.0
952,0.21,0.09,0.0,0.14,0.34,0.13,0.08,0.01
953,0.21,0.2,0.0,0.12,0.22,0.11,0.14,0.0
954,0.15,0.24,0.03,0.18,0.16,0.15,0.09,0.0
955,0.31,0.18,0.0,0.09,0.14,0.25,0.03,0.0
956,0.11,0.23,0.01,0.11,0.15,0.18,0.17,0.04
957,0.13,0.11,0.0,0.3,0.22,0.13,0.11,0.0
958,0.14,0.21,0.0,0.21,0.13,0.17,0.13,0.01
959,0.33,0.29,0.0,0.13,0.14,0.07,0.04,0.0
960,0.2,0.12,0.0,0.24,0.12,0.18,0.14,0.0
961,0.1,0.22,0.01,0.3,0.13,0.1,0.14,0.0
962,0.07,0.3,0.01,0.27,0.16,0.11,0.08,0.0
963,0.26,0.03,0.0,0.21,0.14,0.27,0.09,0.0
964,0.29,0.25,0.0,0.1,0.22,0.14,0.0,0.0
965,0.28,0.12,0.01,0.14,0.2,0.18,0.06,0.01
966,0.14,0.11,0.0,0.17,0.11,0.13,0.34,0.0
967,0.18,0.19,0.0,0.19,0.27,0.1,0.07,0.0
968,0.19,0.18,0.0,0.17,0.12,0.21,0.12,0.01
969,0.14,0.19,0.01,0.18,0.18,0.19,0.11,0.0
970,0.13,0.16,0.0,0.19,0.26,0.15,0.11,0.0
971,0.2,0.13,0.02,0.16,0.17,0.28,0.04,0.0
972,0.18,0.24,0.0,0.12,0.19,0.19,0.06,0.02
973,0.11,0.19,0.0,0.18,0.24,0.21,0.06,0.01
974,0.25,0.35,0.0,0.1,0.1,0.18,0.02,0.0
975,0.13,0.14,0.03,0.29,0.21,0.18,0.02,0.0
976,0.18,0.24,0.0,0.17,0.2,0.15,0.06,0.0
977,0.17,0.14,0.01,0.26,0.14,0.2,0.08,0.0
978,0.1,0.24,0.0,0.2,0.12,0.22,0.12,0.0
979,0.12,0.21,0.0,0.13,0.25,0.18,0.11,0.0
980,0.18,0.13,0.0,0.27,0.15,0.16,0.11,0.0
981,0.19,0.14,0.16,0.08,0.32,0.06,0.01,0.04
982,0.09,0.18,0.0,0.29,0.26,0.16,0.02,0.0
983,0.12,0.1,0.06,0.1,0.37,0.2,0.04,0.01
984,0.19,0.08,0.0,0.27,0.23,0.15,0.08,0.0
985,0.23,0.27,0.01,0.11,0.08,0.2,0.1,0.0
986,0.07,0.26,0.0,0.16,0.27,0.11,0.13,0.0
987,0.16,0.11,0.01,0.32,0.2,0.16,0.04,0.0
988,0.2,0.35,0.0,0.13,0.15,0.08,0.04,0.05
989,0.16,0.29,0.0,0.12,0.2,0.16,0.06,0.01
990,0.16,0.34,0.01,0.18,0.11,0.08,0.12,0.0
991,0.27,0.14,0.0,0.38,0.09,0.02,0.09,0.01
992,0.08,0.03,0.66,0.03,0.03,0.0,0.01,0.16
993,0.1,0.26,0.0,0.11,0.23,0.15,0.15,0.0
994,0.11,0.24,0.0,0.16,0.18,0.24,0.07,0.0
995,0.17,0.17,0.0,0.21,0.24,0.15,0.06,0.0
996,0.14,0.14,0.0,0.28,0.1,0.18,0.14,0.02
997,0.12,0.09,0.02,0.21,0.27,0.15,0.13,0.01
998,0.15,0.28,0.02,0.16,0.12,0.12,0.14,0.01
999,0.19,0.13,0.0,0.35,0.17,0.14,0.02,0.0
1000,0.27,0.15,0.01,0.06,0.25,0.16,0.08,0.02
1001,0.15,0.25,0.0,0.14,0.17,0.21,0.08,0.0
1002,0.1682142857142857,0.10178571428571428,0.0,0.33,0.12,0.10583333333333333,0.1741666666666667,0.0
1003,0.15,0.2,0.0,0.18,0.17,0.2,0.1,0.0
1004,0.17,0.2,0.0,0.16,0.16,0.23,0.08,0.0
1005,0.07,0.27,0.0,0.04,0.39,0.16,0.06,0.01
1006,0.36,0.22,0.01,0.12,0.11,0.13,0.03,0.02
1007,0.12,0.18,0.0,0.16,0.15,0.23,0.16,0.0
1008,0.08,0.2,0.0,0.18,0.2,0.19,0.13,0.02
1009,0.06,0.26,0.0,0.17,0.4,0.05,0.06,0.0
1010,0.18,0.16,0.01,0.19,0.08,0.27,0.08,0.03
1011,0.29,0.18,0.0,0.09,0.13,0.22,0.09,0.0
1012,0.19,0.3,0.02,0.21,0.1,0.08,0.08,0.02
1013,0.38,0.21,0.01,0.08,0.2,0.1,0.02,0.0
1014,0.04,0.66,0.0,0.05,0.08,0.08,0.09,0.0
1015,0.16,0.27,0.01,0.17,0.08,0.16,0.15,0.0
1016,0.22,0.07,0.01,0.23,0.18,0.19,0.09,0.01
1017,0.21,0.11,0.0,0.13,0.24,0.21,0.09,0.01
1018,0.14,0.16,0.0,0.2,0.18,0.25,0.06,0.01
1019,0.19,0.16,0.0,0.01,0.35,0.13,0.16,0.0
1020,0.22,0.19,0.0,0.16,0.11,0.16,0.15,0.01
1021,0.12,0.19,0.0,0.11,0.23,0.19,0.15,0.01
1022,0.17,0.27,0.0,0.13,0.19,0.12,0.11,0.01
1023,0.2,0.23,0.0,0.19,0.1,0.16,0.12,0.0
1024,0.2,0.16,0.0,0.22,0.2,0.17,0.05,0.0
1025,0.18,0.03,0.02,0.29,0.29,0.15,0.04,0.0
1026,0.12,0.23,0.0,0.19,0.07,0.18,0.2,0.01
1027,0.18,0.16,0.05,0.13,0.17,0.16,0.07,0.08
1028,0.11,0.12,0.0,0.29,0.2,0.22,0.06,0.0
1029,0.11,0.13,0.0,0.24,0.13,0.24,0.14,0.01
1030,0.37,0.06,0.0,0.13,0.18,0.25,0.01,0.0
1031,0.15,0.04,0.0,0.07,0.21,0.31,0.2,0.02
1032,0.12,0.17,0.01,0.04,0.13,0.36,0.17,0.0
1033,0.23,0.17,0.0,0.11,0.24,0.2,0.05,0.0
1034,0.16,0.1,0.02,0.27,0.21,0.18,0.05,0.01
1035,0.17,0.26,0.0,0.14,0.19,0.22,0.01,0.01
1036,0.08,0.11,0.0,0.21,0.16,0.29,0.14,0.01
1037,0.19,0.12,0.0,0.18,0.19,0.25,0.07,0.0
1038,0.2,0.22,0.01,0.05,0.13,0.24,0.12,0.03
1039,0.19,0.23,0.0,0.12,0.12,0.22,0.12,0.0
1040,0.27,0.24,0.0,0.24,0.08,0.05,0.12,0.0
1041,0.23,0.13,0.0,0.25,0.17,0.13,0.08,0.01
1042,0.18,0.15,0.0,0.13,0.16,0.28,0.09,0.01
1043,0.24,0.11,0.04,0.13,0.27,0.11,0.06,0.04
1044,0.15,0.1,0.02,0.21,0.21,0.22,0.08,0.01
1045,0.1,0.15,0.04,0.24,0.23,0.18,0.06,0.0
1046,0.14,0.13,0.0,0.22,0.17,0.19,0.14,0.01
1047,0.26,0.23,0.01,0.22,0.16,0.11,0.0,0.01
1048,0.17,0.18,0.0,0.06,0.12,0.34,0.11,0.02
1049,0.18,0.16,0.01,0.15,0.21,0.21,0.08,0.0
1050,0.12,0.17,0.0,0.17,0.19,0.26,0.09,0.0
1051,0.14,0.18,0.0,0.29,0.17,0.19,0.03,0.0
1052,0.21,0.02,0.0,0.23,0.13,0.4,0.01,0.0
1053,0.18,0.16,0.01,0.17,0.11,0.2,0.13,0.04
1054,0.12,0.19,0.01,0.15,0.22,0.21,0.06,0.04
1055,0.23,0.15,0.0,0.16,0.17,0.17,0.12,0.0
1056,0.15,0.13,0.0,0.21,0.26,0.13,0.12,0.0
1057,0.18,0.12,0.01,0.2,0.16,0.22,0.1,0.01
1058,0.12,0.21,0.0,0.12,0.24,0.21,0.1,0.0
1059,0.16,0.29,0.0,0.12,0.16,0.21,0.05,0.01
1060,0.14,0.28,0.0,0.13,0.09,0.18,0.18,0.0
1061,0.22,0.16,0.0,0.17,0.23,0.18,0.04,0.0
1062,0.15,0.12,0.0,0.13,0.32,0.24,0.04,0.0
1063,0.11,0.15,0.0,0.17,0.25,0.2,0.12,0.0
1064,0.08,0.32,0.02,0.24,0.12,0.16,0.06,0.0
1065,0.12,0.24,0.0,0.17,0.13,0.23,0.11,0.0
1066,0.15,0.2,0.0,0.24,0.24,0.11,0.06,0.0
1067,0.13,0.18,0.0,0.17,0.18,0.22,0.12,0.0
1068,0.16,0.13,0.02,0.19,0.27,0.18,0.04,0.01
1069,0.12,0.14,0.0,0.17,0.31,0.14,0.12,0.0
1070,0.16,0.13,0.0,0.24,0.21,0.22,0.03,0.01
1071,0.23,0.18,0.0,0.3,0.12,0.14,0.03,0.0
1072,0.1,0.18,0.0,0.2,0.13,0.3,0.06,0.03
1073,0.15,0.14,0.04,0.22,0.13,0.26,0.04,0.02
1074,0.19,0.15,0.02,0.18,0.19,0.21,0.06,0.0
1075,0.2,0.19,0.0,0.18,0.16,0.21,0.04,0.02
1076,0.12,0.11,0.0,0.32,0.18,0.21,0.05,0.01
1077,0.24,0.19,0.01,0.16,0.23,0.11,0.06,0.0
1078,0.17,0.08,0.07,0.17,0.16,0.26,0.06,0.03
1079,0.18,0.26,0.0,0.15,0.24,0.11,0.05,0.01
1080,0.24,0.22,0.0,0.08,0.26,0.16,0.04,0.0
1081,0.13,0.2,0.0,0.18,0.13,0.23,0.12,0.01
1082,0.1,0.25,0.02,0.14,0.22,0.15,0.07,0.05
1083,0.35,0.27,0.01,0.07,0.11,0.13,0.05,0.01
1084,0.13,0.13,0.0,0.16,0.3,0.19,0.09,0.0
1085,0.21,0.25,0.0,0.07,0.29,0.05,0.12,0.01
1086,0.14,0.23,0.0,0.16,0.16,0.22,0.09,0.0
1087,0.22,0.19,0.0,0.24,0.13,0.16,0.05,0.01
1088,0.16,0.21,0.0,0.16,0.15,0.24,0.07,0.01
1089,0.05,0.28,0.0,0.11,0.15,0.3,0.1,0.01
1090,0.18,0.13,0.0,0.19,0.33,0.14,0.03,0.0
1091,0.1,0.11,0.0,0.23,0.2,0.25,0.11,0.0
1092,0.1,0.31,0.0,0.08,0.11,0.31,0.08,0.01
1093,0.16,0.16,0.0,0.14,0.15,0.29,0.09,0.01
1094,0.36,0.26,0.0,0.06,0.1,0.16,0.06,0.0
1095,0.13,0.14,0.0,0.34,0.14,0.17,0.07,0.01
1096,0.21,0.12,0.0,0.15,0.1,0.27,0.15,0.0
1097,0.15,0.2,0.0,0.13,0.24,0.22,0.06,0.0
1098,0.21,0.09,0.0,0.16,0.27,0.26,0.01,0.0
1099,0.13,0.19,0.08,0.12,0.17,0.2,0.11,0.0
1100,0.18,0.17,0.0,0.18,0.22,0.15,0.09,0.01
1101,0.13,0.2,0.0,0.23,0.25,0.12,0.06,0.01
1102,0.16,0.15,0.0,0.15,0.25,0.23,0.06,0.0
1103,0.25,0.23,0.01,0.15,0.13,0.18,0.04,0.01
1104,0.11,0.23,0.0,0.1,0.19,0.24,0.13,0.0
1105,0.14,0.15,0.0,0.22,0.22,0.23,0.03,0.01
1106,0.21,0.13,0.0,0.16,0.17,0.21,0.12,0.0
1107,0.11,0.2,0.0,0.12,0.13,0.18,0.24,0.02
1108,0.23,0.25,0.0,0.16,0.14,0.1,0.12,0.0
1109,0.13,0.1,0.01,0.27,0.27,0.15,0.07,0.0
1110,0.17,0.4,0.0,0.07,0.16,0.1,0.1,0.0
1111,0.18,0.14,0.0,0.28,0.21,0.15,0.04,0.0
1112,0.28,0.15,0.01,0.16,0.21,0.14,0.05,0.0
1113,0.16,0.15,0.04,0.18,0.29,0.08,0.1,0.0
1114,0.2,0.15,0.0,0.24,0.2,0.15,0.06,0.0
1115,0.17,0.14,0.01,0.24,0.18,0.17,0.09,0.0
1116,0.12,0.24,0.0,0.1,0.18,0.21,0.15,0.0
1117,0.18,0.23,0.0,0.12,0.1,0.27,0.09,0.01
1118,0.13,0.2,0.0,0.24,0.15,0.17,0.11,0.0
1119,0.21,0.21,0.0,0.17,0.14,0.25,0.02,0.0
1120,0.16,0.19,0.01,0.08,0.15,0.34,0.04,0.03
1121,0.21,0.19,0.01,0.18,0.11,0.16,0.14,0.0
1122,0.11,0.14,0.0,0.2,0.33,0.16,0.06,0.0
1123,0.16,0.18,0.0,0.14,0.18,0.21,0.13,0.0
1124,0.15,0.22,0.01,0.11,0.13,0.19,0.18,0.01
1125,0.13,0.21,0.0,0.22,0.16,0.2,0.07,0.01
1126,0.08,0.13,0.02,0.28,0.23,0.17,0.08,0.01
1127,0.15,0.2,0.0,0.13,0.15,0.26,0.08,0.03
1128,0.18,0.19,0.01,0.12,0.24,0.15,0.09,0.02
1129,0.16,0.19,0.01,0.17,0.16,0.14,0.17,0.0
1130,0.13,0.29,0.0,0.19,0.09,0.21,0.09,0.0
1131,0.22,0.12,0.0,0.16,0.24,0.17,0.09,0.0
1132,0.16,0.24,0.0,0.09,0.16,0.23,0.11,0.01
1133,0.33,0.27,0.02,0.06,0.14,0.18,0.0,0.0
1134,0.14,0.17,0.0,0.13,0.23,0.17,0.16,0.0
1135,0.21,0.2,0.05,0.12,0.24,0.12,0.06,0.0
1136,0.19,0.17,0.0,0.17,0.21,0.17,0.09,0.0
1137,0.15,0.11,0.02,0.31,0.18,0.18,0.05,0.0
1138,0.2,0.17,0.0,0.14,0.24,0.24,0.01,0.0
1139,0.13,0.09,0.01,0.32,0.24,0.14,0.07,0.0
1140,0.11,0.09,0.0,0.3,0.33,0.1,0.06,0.01
1141,0.19,0.17,0.0,0.19,0.13,0.25,0.07,0.0
1142,0.2,0.08,0.0,0.11,0.32,0.07,0.22,0.0
1143,0.28,0.11,0.0,0.22,0.2,0.15,0.04,0.0
1144,0.21,0.18,0.0,0.13,0.09,0.24,0.15,0.0
1145,0.14,0.21,0.0,0.23,0.16,0.19,0.06,0.01
1146,0.13,0.27,0.0,0.08,0.26,0.18,0.08,0.0
1147,0.1,0.13,0.01,0.15,0.24,0.23,0.14,0.0
1148,0.19,0.14,0.06,0.17,0.16,0.23,0.03,0.02
1149,0.29,0.28,0.0,0.04,0.28,0.07,0.03,0.01
1150,0.13,0.18,0.0,0.21,0.2,0.21,0.04,0.03
1151,0.14,0.23,0.0,0.13,0.15,0.24,0.1,0.01
1152,0.11,0.25,0.0,0.14,0.17,0.19,0.13,0.01
1153,0.2,0.16,0.01,0.26,0.16,0.18,0.03,0.0
1154,0.17,0.27,0.0,0.17,0.18,0.13,0.08,0.0
1155,0.21,0.19,0.0,0.18,0.1,0.27,0.04,0.01
1156,0.12,0.25,0.0,0.18,0.19,0.17,0.09,0.0
1157,0.14,0.17,0.0,0.1,0.19,0.28,0.12,0.0
1158,0.2,0.22,0.01,0.15,0.3,0.04,0.08,0.0
1159,0.24,0.12,0.0,0.28,0.2,0.12,0.04,0.0
1160,0.22,0.13,0.01,0.13,0.24,0.07,0.2,0.0
1161,0.29,0.33,0.0,0.13,0.17,0.04,0.0,0.04
1162,0.09,0.21,0.0,0.2,0.24,0.21,0.04,0.01
1163,0.23,0.1,0.0,0.26,0.15,0.19,0.07,0.0
1164,0.17,0.02,0.02,0.59,0.06,0.07,0.07,0.0
1165,0.13,0.2,0.0,0.15,0.16,0.27,0.09,0.0
1166,0.16,0.07,0.01,0.21,0.29,0.21,0.05,0.0
1167,0.13,0.24,0.0,0.15,0.26,0.17,0.05,0.0
1168,0.17,0.2,0.0,0.17,0.13,0.22,0.11,0.0
1169,0.18,0.16,0.02,0.23,0.16,0.13,0.11,0.01
1170,0.15,0.16,0.0,0.16,0.18,0.22,0.12,0.01
1171,0.13,0.06,0.0,0.19,0.35,0.22,0.05,0.0
1172,0.14,0.14,0.0,0.09,0.19,0.21,0.21,0.02
1173,0.21,0.17,0.0,0.18,0.18,0.16,0.1,0.0
1174,0.23,0.16,0.01,0.19,0.13,0.19,0.06,0.03
1175,0.25,0.18,0.0,0.17,0.06,0.27,0.05,0.02
1176,0.1,0.13,0.0,0.13,0.22,0.37,0.05,0.0
1177,0.18,0.14,0.0,0.16,0.21,0.23,0.07,0.01
1178,0.11,0.18,0.0,0.21,0.18,0.25,0.07,0.0
1179,0.33,0.16,0.0,0.16,0.07,0.18,0.08,0.02
1180,0.15,0.22,0.0,0.14,0.18,0.2,0.1,0.01
1181,0.24,0.14,0.0,0.11,0.17,0.24,0.08,0.02
1182,0.21,0.23,0.0,0.14,0.13,0.2,0.09,0.0
1183,0.15,0.23,0.01,0.1,0.13,0.2,0.15,0.03
1184,0.1,0.26,0.0,0.11,0.13,0.31,0.09,0.0
1185,0.13,0.28,0.01,0.12,0.15,0.21,0.09,0.01
1186,0.3,0.19,0.0,0.12,0.08,0.21,0.08,0.02
1187,0.12,0.2,0.02,0.16,0.13,0.24,0.13,0.0
1188,0.15,0.21,0.0,0.14,0.21,0.19,0.1,0.0
1189,0.21,0.15,0.0,0.37,0.08,0.08,0.09,0.02
1190,0.15,0.12,0.04,0.17,0.21,0.22,0.08,0.01
1191,0.25,0.06,0.01,0.3,0.18,0.16,0.03,0.01
1192,0.29,0.18,0.0,0.12,0.12,0.13,0.14,0.02
1193,0.19,0.07,0.0,0.25,0.23,0.19,0.05,0.02
1194,0.17,0.14,0.0,0.14,0.12,0.27,0.16,0.0
1195,0.11,0.2,0.0,0.2,0.17,0.21,0.1,0.01
1196,0.19,0.08,0.13,0.01,0.08,0.09,0.11,0.31
1197,0.13,0.14,0.0,0.2,0.15,0.17,0.21,0.0
1198,0.19,0.22,0.01,0.15,0.2,0.14,0.08,0.01
1199,0.11,0.12,0.0,0.21,0.26,0.15,0.14,0.01
1200,0.1,0.2,0.01,0.23,0.24,0.17,0.05,0.0
1201,0.11,0.15,0.0,0.14,0.21,0.29,0.1,0.0
1202,0.05,0.2,0.0,0.17,0.28,0.13,0.17,0.0
1203,0.16,0.21,0.01,0.18,0.18,0.13,0.13,0.0
1204,0.13,0.1,0.0,0.29,0.27,0.16,0.04,0.01
1205,0.2,0.11,0.05,0.19,0.12,0.21,0.12,0.0
1206,0.15,0.24,0.0,0.1,0.18,0.18,0.14,0.01
1207,0.11,0.25,0.01,0.15,0.15,0.2,0.13,0.0
1208,0.12,0.21,0.01,0.1,0.16,0.23,0.17,0.0
1209,0.16,0.17,0.0,0.19,0.14,0.18,0.16,0.0
1210,0.23,0.16,0.0,0.18,0.3,0.09,0.04,0.0
1211,0.2,0.13,0.01,0.3,0.14,0.13,0.09,0.0
1212,0.13,0.17,0.0,0.2,0.16,0.22,0.12,0.0
1213,0.19,0.16,0.0,0.16,0.24,0.11,0.1,0.04
1214,0.11,0.24,0.0,0.17,0.16,0.24,0.08,0.0
1215,0.17,0.33,0.0,0.15,0.12,0.17,0.06,0.0
1216,0.14,0.23,0.0,0.11,0.17,0.18,0.17,0.0
1217,0.16,0.14,0.0,0.25,0.18,0.18,0.09,0.0
1218,0.15,0.28,0.0,0.11,0.16,0.13,0.17,0.0
1219,0.09,0.2,0.0,0.12,0.1,0.21,0.27,0.01
1220,0.15,0.14,0.01,0.24,0.07,0.27,0.12,0.0
1221,0.1,0.24,0.02,0.18,0.11,0.19,0.16,0.0
1222,0.21,0.26,0.02,0.13,0.1,0.15,0.13,0.0
1223,0.1,0.09,0.04,0.04,0.18,0.04,0.43,0.08
1224,0.25,0.15,0.02,0.16,0.15,0.16,0.11,0.0
1225,0.19,0.22,0.0,0.17,0.18,0.12,0.11,0.01
1226,0.12,0.25,0.0,0.12,0.13,0.23,0.14,0.01
1227,0.17,0.17,0.01,0.19,0.15,0.13,0.18,0.0
1228,0.17,0.19,0.01,0.14,0.14,0.24,0.11,0.0
1229,0.31,0.06,0.45,0.01,0.09,0.0,0.0,0.08
1230,0.14,0.15,0.03,0.18,0.14,0.13,0.2,0.03
1231,0.16,0.15,0.0,0.22,0.23,0.15,0.09,0.0
1232,0.16,0.15,0.0,0.16,0.15,0.2,0.18,0.0
1233,0.22,0.1,0.0,0.17,0.21,0.16,0.14,0.0
1234,0.1,0.17,0.34,0.06,0.12,0.03,0.04,0.14
1235,0.16,0.15,0.0,0.16,0.13,0.26,0.14,0.0
1236,0.24,0.08,0.0,0.28,0.09,0.12,0.17,0.02
1237,0.12,0.21,0.02,0.15,0.08,0.35,0.07,0.0
1238,0.16,0.06,0.01,0.15,0.28,0.22,0.12,0.0
1239,0.08,0.23,0.0,0.32,0.17,0.2,0.0,0.0
1240,0.32,0.1,0.0,0.09,0.0,0.02,0.47,0.0
1241,0.16,0.13,0.0,0.16,0.17,0.23,0.15,0.0
1242,0.17,0.1,0.0,0.19,0.22,0.26,0.06,0.0
1243,0.12,0.24,0.01,0.17,0.27,0.15,0.04,0.0
1244,0.14,0.22,0.0,0.11,0.12,0.27,0.13,0.01
1245,0.17,0.2,0.0,0.11,0.1,0.19,0.22,0.01
1246,0.1,0.28,0.0,0.07,0.19,0.22,0.14,0.0
1247,0.26,0.17,0.0,0.15,0.33,0.08,0.01,0.0
1248,0.1,0.02,0.0,0.2,0.04,0.15,0.49,0.0
1249,0.11,0.25,0.0,0.12,0.15,0.13,0.24,0.0
1250,0.17,0.28,0.0,0.08,0.21,0.04,0.22,0.0
1251,0.17,0.08,0.0,0.13,0.35,0.18,0.09,0.0
1252,0.14,0.21,0.0,0.11,0.2,0.22,0.12,0.0
1253,0.2,0.09,0.0,0.22,0.18,0.22,0.08,0.01
1254,0.17,0.24,0.0,0.22,0.14,0.11,0.11,0.01
1255,0.15,0.13,0.5,0.03,0.06,0.01,0.01,0.11
1256,0.19,0.21,0.0,0.15,0.1,0.2,0.15,0.0
1257,0.11,0.14,0.0,0.23,0.22,0.21,0.09,0.0
1258,0.18,0.14,0.01,0.2,0.2,0.1,0.17,0.0
1259,0.13,0.21,0.0,0.19,0.11,0.18,0.18,0.0
1260,0.08,0.12,0.0,0.13,0.27,0.13,0.27,0.0
1261,0.26,0.19,0.0,0.14,0.21,0.12,0.07,0.01
1262,0.1,0.25,0.0,0.14,0.13,0.23,0.15,0.0
1263,0.2,0.15,0.0,0.16,0.13,0.2,0.16,0.0
1264,0.14,0.18,0.0,0.13,0.29,0.2,0.06,0.0
1265,0.19,0.26,0.0,0.12,0.16,0.18,0.09,0.0
1266,0.14,0.22,0.0,0.12,0.26,0.16,0.07,0.03
1267,0.16,0.18,0.0,0.12,0.13,0.25,0.16,0.0
1268,0.14,0.19,0.0,0.11,0.16,0.3,0.1,0.0
1269,0.15,0.23,0.0,0.12,0.16,0.22,0.11,0.01
1270,0.1,0.17,0.01,0.15,0.3,0.16,0.11,0.0
1271,0.17,0.14,0.01,0.17,0.17,0.2,0.14,0.0
1272,0.14,0.15,0.0,0.14,0.37,0.19,0.01,0.0
1273,0.14,0.2,0.0,0.13,0.14,0.19,0.2,0.0
1274,0.23,0.1,0.0,0.19,0.27,0.15,0.06,0.0
1275,0.15,0.16,0.0,0.15,0.15,0.18,0.19,0.02
1276,0.12,0.17,0.0,0.21,0.17,0.21,0.12,0.0
1277,0.12,0.16,0.02,0.17,0.22,0.23,0.08,0.0
1278,0.05,0.1,0.35,0.02,0.15,0.03,0.05,0.25
1279,0.19,0.13,0.0,0.14,0.15,0.21,0.18,0.0
1280,0.2,0.23,0.02,0.13,0.11,0.22,0.09,0.0
1281,0.17,0.19,0.02,0.14,0.19,0.19,0.1,0.0
1282,0.16,0.22,0.0,0.15,0.11,0.22,0.14,0.0
1283,0.13,0.27,0.01,0.12,0.19,0.23,0.04,0.01
1284,0.2,0.14,0.0,0.16,0.21,0.16,0.12,0.01
1285,0.08,0.07,0.0,0.02,0.02,0.01,0.13,0.67
1286,0.17,0.21,0.01,0.18,0.16,0.14,0.13,0.0
1287,0.1,0.26,0.0,0.12,0.17,0.2,0.15,0.0
1288,0.12,0.28,0.0,0.09,0.15,0.26,0.09,0.01
1289,0.13,0.24,0.0,0.1,0.13,0.22,0.18,0.0
1290,0.35,0.2,0.01,0.05,0.19,0.12,0.07,0.01
1291,0.19,0.26,0.0,0.16,0.14,0.13,0.11,0.01
1292,0.05,0.09,0.03,0.04,0.07,0.16,0.08,0.48
1293,0.16,0.18,0.0,0.2,0.16,0.22,0.07,0.01
1294,0.42,0.32,0.0,0.08,0.04,0.11,0.02,0.01
1295,0.13,0.18,0.0,0.18,0.19,0.22,0.09,0.01
1296,0.21,0.27,0.0,0.16,0.09,0.11,0.13,0.03
1297,0.25,0.16,0.0,0.13,0.2,0.2,0.06,0.0
1298,0.2,0.1,0.01,0.24,0.3,0.09,0.05,0.01
1299,0.1,0.31,0.01,0.12,0.13,0.25,0.08,0.0
1300,0.25,0.14,0.0,0.13,0.19,0.2,0.08,0.01
1301,0.16,0.12,0.01,0.26,0.22,0.14,0.09,0.0
1302,0.14,0.24,0.0,0.1,0.16,0.17,0.19,0.0
1303,0.13,0.23,0.0,0.23,0.11,0.16,0.13,0.01
1304,0.16,0.21,0.0,0.11,0.2,0.12,0.18,0.02
1305,0.12,0.04,0.15,0.41,0.07,0.0,0.05,0.16
1306,0.2,0.15,0.0,0.24,0.22,0.09,0.1,0.0
1307,0.24,0.13,0.0,0.18,0.19,0.17,0.09,0.0
1308,0.21,0.16,0.0,0.18,0.21,0.14,0.09,0.01
1309,0.22,0.23,0.0,0.13,0.13,0.18,0.11,0.0
1310,0.12,0.15,0.0,0.27,0.12,0.16,0.17,0.01
1311,0.17,0.12,0.0,0.23,0.23,0.18,0.07,0.0
1312,0.16,0.24,0.0,0.2,0.16,0.14,0.1,0.0
1313,0.25,0.17,0.0,0.03,0.36,0.16,0.03,0.0
1314,0.13,0.2,0.01,0.23,0.21,0.14,0.08,0.0
1315,0.17,0.3,0.01,0.18,0.18,0.09,0.06,0.01
1316,0.11,0.02,0.01,0.07,0.17,0.12,0.15,0.35
1317,0.15,0.23,0.0,0.1,0.11,0.2,0.17,0.04
1318,0.18,0.24,0.0,0.15,0.19,0.11,0.12,0.01
1319,0.11,0.22,0.0,0.17,0.16,0.21,0.13,0.0
1320,0.23,0.2,0.01,0.16,0.11,0.16,0.13,0.0
1321,0.15,0.27,0.01,0.11,0.17,0.23,0.06,0.0
1322,0.12,0.11,0.01,0.14,0.08,0.15,0.05,0.34
1323,0.17,0.18,0.0,0.15,0.02,0.2,0.28,0.0
1324,0.11,0.09,0.0,0.55,0.04,0.1,0.11,0.0
1325,0.1,0.18,0.0,0.07,0.25,0.11,0.28,0.01
1326,0.22,0.25,0.0,0.11,0.17,0.12,0.13,0.0
1327,0.09,0.18,0.01,0.15,0.17,0.27,0.13,0.0
1328,0.17,0.04,0.27,0.18,0.21,0.09,0.03,0.01
1329,0.18,0.16,0.01,0.11,0.29,0.17,0.07,0.01
1330,0.2,0.11,0.0,0.23,0.19,0.19,0.08,0.0
1331,0.13,0.19,0.0,0.06,0.19,0.2,0.22,0.01
1332,0.09,0.16,0.0,0.25,0.14,0.1,0.23,0.03
1333,0.15,0.23,0.0,0.21,0.24,0.15,0.02,0.0
1334,0.17,0.16,0.0,0.23,0.19,0.18,0.06,0.01
1335,0.24,0.24,0.0,0.1,0.1,0.16,0.15,0.01
1336,0.1,0.17,0.0,0.25,0.19,0.19,0.1,0.0
1337,0.23,0.12,0.01,0.17,0.18,0.19,0.1,0.0
1338,0.27,0.07,0.09,0.24,0.11,0.09,0.11,0.02
1339,0.18,0.15,0.0,0.17,0.2,0.22,0.08,0.0
1340,0.09,0.14,0.01,0.28,0.16,0.21,0.11,0.0
1341,0.12,0.18,0.0,0.23,0.14,0.14,0.19,0.0
1342,0.2,0.15,0.0,0.21,0.09,0.2,0.14,0.01
1343,0.18,0.25,0.0,0.07,0.08,0.26,0.15,0.01
1344,0.23,0.07,0.0,0.32,0.16,0.15,0.07,0.0
1345,0.13,0.16,0.0,0.24,0.21,0.14,0.12,0.0
1346,0.16,0.1,0.02,0.27,0.18,0.16,0.1,0.01
1347,0.12,0.15,0.0,0.22,0.11,0.22,0.17,0.01
1348,0.28,0.2,0.01,0.1,0.18,0.19,0.04,0.0
1349,0.21,0.19,0.01,0.1,0.25,0.16,0.05,0.03
1350,0.22,0.06,0.01,0.25,0.21,0.21,0.04,0.0
1351,0.17,0.19,0.01,0.11,0.22,0.18,0.11,0.01
1352,0.12,0.18,0.01,0.14,0.16,0.17,0.21,0.01
1353,0.14,0.18,0.0,0.12,0.4,0.13,0.03,0.0
1354,0.16,0.15,0.0,0.14,0.17,0.17,0.21,0.0
1355,0.13,0.24,0.04,0.08,0.14,0.17,0.13,0.07
1356,0.16,0.21,0.0,0.15,0.22,0.18,0.08,0.0
1357,0.15,0.27,0.0,0.13,0.14,0.14,0.17,0.0
1358,0.17,0.24,0.01,0.1,0.31,0.05,0.12,0.0
1359,0.15,0.18,0.0,0.18,0.02,0.07,0.39,0.01
1360,0.12,0.23,0.0,0.09,0.07,0.31,0.17,0.01
1361,0.06,0.15,0.34,0.05,0.03,0.02,0.01,0.34
1362,0.14,0.19,0.0,0.23,0.18,0.09,0.17,0.0
1363,0.14,0.18,0.01,0.3,0.01,0.18,0.17,0.01
1364,0.12,0.23,0.0,0.18,0.18,0.11,0.18,0.0
1365,0.04,0.01,0.56,0.02,0.15,0.0,0.04,0.18
1366,0.15,0.26,0.0,0.16,0.12,0.22,0.08,0.01
1367,0.19,0.26,0.0,0.15,0.14,0.18,0.07,0.01
1368,0.16,0.17,0.0,0.17,0.09,0.31,0.08,0.02
1369,0.13,0.15,0.01,0.18,0.16,0.2,0.15,0.02
1370,0.2,0.16,0.0,0.25,0.11,0.16,0.12,0.0
1371,0.18,0.43,0.0,0.1,0.09,0.15,0.05,0.0
1372,0.09,0.26,0.0,0.16,0.19,0.19,0.1,0.01
1373,0.17,0.19,0.0,0.13,0.15,0.18,0.17,0.01
1374,0.09,0.23,0.01,0.12,0.17,0.23,0.15,0.0
1375,0.15,0.14,0.01,0.18,0.19,0.25,0.07,0.01
1376,0.18,0.19,0.0,0.25,0.14,0.19,0.05,0.0
1377,0.12,0.2,0.0,0.12,0.16,0.19,0.2,0.01
1378,0.32,0.14,0.0,0.15,0.1,0.14,0.15,0.0
1379,0.19,0.26,0.01,0.1,0.11,0.2,0.12,0.01
1380,0.14,0.21,0.0,0.13,0.2,0.2,0.12,0.0
1381,0.15333333333333332,0.19666666666666668,0.07,0.04,0.34,0.08333333333333331,0.11666666666666665,0.0
1382,0.25,0.32,0.01,0.16,0.09,0.16,0.0,0.01
1383,0.17,0.13,0.0,0.21,0.23,0.16,0.1,0.0
1384,0.11,0.1,0.33,0.02,0.1,0.0,0.25,0.09
1385,0.13,0.17,0.02,0.04,0.25,0.12,0.27,0.0
1386,0.09,0.2,0.01,0.16,0.17,0.17,0.2,0.0
1387,0.18,0.18,0.0,0.13,0.1,0.28,0.11,0.02
1388,0.19,0.06,0.0,0.2,0.34,0.17,0.04,0.0
1389,0.23,0.1,0.14,0.15,0.15,0.12,0.07,0.04
1390,0.21,0.03,0.33,0.01,0.01,0.0,0.35,0.06
1391,0.13,0.17,0.02,0.21,0.15,0.21,0.11,0.0
1392,0.11,0.26,0.0,0.12,0.19,0.26,0.06,0.0
1393,0.04,0.15,0.0,0.32,0.21,0.21,0.06,0.01
1394,0.21,0.3,0.0,0.23,0.17,0.06,0.03,0.0
1395,0.16,0.23,0.0,0.1,0.13,0.17,0.21,0.0
1396,0.13,0.14,0.0,0.29,0.17,0.18,0.09,0.0
1397,0.14,0.3,0.0,0.07,0.1,0.18,0.2,0.01
1398,0.14,0.15,0.05,0.22,0.2,0.13,0.08,0.03
1399,0.13,0.16,0.01,0.14,0.21,0.17,0.18,0.0
1400,0.0,0.0,0.06,0.01,0.0,0.0,0.01,0.92
1401,0.01,0.03,0.01,0.0,0.0,0.01,0.0,0.94
1402,0.01,0.0,0.08,0.0,0.01,0.0,0.03,0.87
1403,0.01,0.0,0.0,0.0,0.0,0.0,0.0,0.99
1404,0.01,0.01,0.03,0.0,0.0,0.0,0.0,0.95
1405,0.0,0.0,0.05,0.0,0.0,0.01,0.0,0.94
1406,0.01,0.0,0.03,0.0,0.0,0.0,0.01,0.95
1407,0.0,0.0,0.0,0.0,0.0,0.0,0.0,1.0
1408,0.12,0.18,0.01,0.07,0.17,0.09,0.08,0.28
1409,0.0,0.0,0.01,0.0,0.01,0.0,0.0,0.98
1410,0.0,0.0,0.02,0.0,0.0,0.0,0.0,0.98
1411,0.02,0.03,0.01,0.07,0.02,0.04,0.06,0.75
1412,0.0,0.0,0.0,0.0,0.0,0.0,0.0,1.0
1413,0.0,0.01,0.0,0.0,0.0,0.0,0.0,0.99
1414,0.0,0.0,0.0,0.0,0.0,0.0,0.0,1.0
1415,0.08,0.04,0.02,0.04,0.03,0.09,0.0,0.7
1416,0.0,0.01,0.0,0.0,0.0,0.0,0.0,0.99
1417,0.0,0.0,0.0,0.0,0.0,0.01,0.0,0.99
1418,0.03,0.0,0.01,0.0,0.01,0.0,0.0,0.95
1419,0.0,0.03,0.01,0.02,0.0,0.02,0.03,0.89
1420,0.03,0.01,0.0,0.0,0.0,0.0,0.0,0.96
1421,0.03,0.04,0.05,0.04,0.02,0.07,0.05,0.7
1422,0.01,0.0,0.05,0.0,0.0,0.0,0.0,0.94
1423,0.04,0.04,0.0,0.03,0.05,0.03,0.05,0.76
1424,0.0,0.02,0.0,0.0,0.0,0.0,0.0,0.98
1425,0.05,0.01,0.01,0.01,0.01,0.02,0.11,0.78
1426,0.0,0.01,0.0,0.0,0.0,0.0,0.02,0.97
1427,0.0,0.0,0.02,0.0,0.0,0.0,0.0,0.98
1428,0.0,0.0,0.07,0.0,0.01,0.0,0.0,0.92
1429,0.0,0.06,0.04,0.0,0.02,0.0,0.0,0.88
1430,0.01,0.0,0.0,0.0,0.0,0.0,0.0,0.99
1431,0.0,0.0,0.0,0.01,0.0,0.0,0.0,0.99
1432,0.01,0.0,0.01,0.01,0.0,0.0,0.0,0.97
1433,0.02,0.01,0.02,0.0,0.0,0.0,0.0,0.95
1434,0.05,0.01,0.01,0.0,0.0,0.0,0.0,0.93
1435,0.03,0.04,0.03,0.04,0.06,0.1,0.07,0.63
1436,0.0,0.01,0.0,0.0,0.01,0.0,0.0,0.98
1437,0.0,0.0,0.0,0.0,0.0,0.0,0.0,1.0
1438,0.01,0.05,0.15,0.02,0.04,0.0,0.02,0.71
1439,0.03,0.07,0.04,0.02,0.04,0.05,0.07,0.68
1440,0.03,0.0,0.0,0.0,0.0,0.0,0.0,0.97
1441,0.0,0.0,0.0,0.01,0.0,0.0,0.0,0.99
1442,0.03,0.02,0.0,0.05,0.02,0.03,0.01,0.84
1443,0.03,0.02,0.01,0.05,0.0,0.01,0.05,0.83
1444,0.0,0.07,0.0,0.0,0.01,0.0,0.0,0.92
1445,0.04,0.06,0.02,0.02,0.05,0.04,0.02,0.75
1446,0.0,0.01,0.02,0.01,0.0,0.0,0.0,0.96
1447,0.01,0.02,0.02,0.02,0.03,0.03,0.04,0.83
1448,0.0,0.01,0.01,0.02,0.01,0.0,0.01,0.94
1449,0.01,0.0,0.0,0.0,0.0,0.0,0.0,0.99
1450,0.0,0.0,0.0,0.0,0.0,0.0,0.0,1.0
1451,0.0,0.0,0.04,0.0,0.0,0.01,0.0,0.95
1452,0.06,0.0,0.0,0.0,0.01,0.0,0.0,0.93
1453,0.0,0.0,0.01,0.0,0.0,0.0,0.0,0.99
1454,0.0,0.0,0.01,0.0,0.0,0.0,0.0,0.99
1455,0.0,0.0,0.0,0.0,0.0,0.0,0.0,1.0
1456,0.0,0.0,0.02,0.0,0.01,0.0,0.0,0.97
1457,0.08,0.0,0.0,0.0,0.0,0.0,0.0,0.92
1458,0.0,0.0,0.0,0.0,0.02,0.0,0.0,0.98
1459,0.0,0.01,0.01,0.01,0.0,0.0,0.0,0.97
1460,0.0,0.0,0.0,0.01,0.0,0.0,0.0,0.99
1461,0.0,0.0,0.0,0.01,0.01,0.0,0.0,0.98
1462,0.0,0.02,0.0,0.0,0.0,0.0,0.0,0.98
1463,0.0,0.0,0.05,0.0,0.0,0.0,0.06,0.89
1464,0.01,0.0,0.0,0.0,0.0,0.0,0.0,0.99
1465,0.02,0.0,0.0,0.0,0.0,0.0,0.0,0.98
1466,0.0,0.0,0.0,0.0,0.0,0.0,0.01,0.99
1467,0.01,0.0,0.05,0.0,0.0,0.0,0.0,0.94
1468,0.01,0.0,0.0,0.0,0.0,0.0,0.0,0.99
1469,0.0,0.0,0.01,0.0,0.0,0.0,0.0,0.99
1470,0.0,0.0,0.0,0.0,0.0,0.0,0.0,1.0
1471,0.01,0.0,0.07,0.06,0.01,0.01,0.0,0.84
1472,0.06,0.0,0.02,0.0,0.06,0.0,0.0,0.86
1473,0.04,0.02,0.0,0.01,0.11,0.04,0.06,0.72
1474,0.05,0.05,0.14,0.03,0.03,0.01,0.0,0.69
1475,0.0,0.0,0.0,0.0,0.0,0.0,0.0,1.0
1476,0.05,0.04,0.0,0.03,0.04,0.0,0.02,0.82
1477,0.01,0.0,0.02,0.0,0.01,0.0,0.0,0.96
1478,0.0,0.0,0.03,0.0,0.0,0.0,0.0,0.97
1479,0.01,0.0,0.01,0.0,0.01,0.0,0.0,0.97
1480,0.03,0.0,0.01,0.01,0.0,0.0,0.02,0.93
1481,0.0,0.0,0.01,0.0,0.0,0.0,0.0,0.99
1482,0.0,0.0,0.02,0.0,0.0,0.0,0.01,0.97
1483,0.0,0.0,0.0,0.0,0.0,0.0,0.01,0.99
1484,0.0,0.0,0.0,0.0,0.0,0.0,0.0,1.0
1485,0.04,0.02,0.02,0.04,0.04,0.06,0.04,0.74
1486,0.0,0.0,0.04,0.01,0.0,0.0,0.01,0.94
1487,0.0,0.0,0.0,0.0,0.0,0.0,0.0,1.0
1488,0.0,0.0,0.0,0.0,0.0,0.01,0.02,0.97
1489,0.04,0.0,0.0,0.01,0.01,0.0,0.03,0.91
1490,0.0,0.0,0.03,0.0,0.0,0.0,0.0,0.97
1491,0.03,0.0,0.0,0.0,0.01,0.0,0.0,0.96
1492,0.0,0.0,0.01,0.0,0.03,0.0,0.0,0.96
1493,0.02,0.05,0.05,0.04,0.05,0.04,0.03,0.72
1494,0.01,0.0,0.0,0.01,0.0,0.0,0.0,0.98
1495,0.04,0.0,0.0,0.02,0.01,0.03,0.0,0.9
1496,0.0,0.0,0.02,0.0,0.0,0.0,0.0,0.98
1497,0.0,0.0,0.0,0.0,0.0,0.0,0.03,0.97
1498,0.11,0.08,0.0,0.07,0.05,0.2,0.07,0.42
1499,0.01,0.02,0.03,0.0,0.0,0.0,0.0,0.94
1500,0.03,0.04,0.04,0.04,0.06,0.09,0.05,0.65
1501,0.0,0.0,0.02,0.0,0.0,0.0,0.0,0.98
1502,0.03,0.06,0.0,0.01,0.2,0.01,0.02,0.67
1503,0.07,0.08,0.0,0.06,0.07,0.07,0.11,0.54
1504,0.0,0.0,0.0,0.0,0.0,0.0,0.0,1.0
1505,0.02,0.02,0.07,0.07,0.12,0.11,0.11,0.48
1506,0.0,0.0,0.0,0.0,0.0,0.0,0.0,1.0
1507,0.0,0.0,0.0,0.0,0.01,0.0,0.01,0.98
1508,0.0,0.0,0.0,0.0,0.0,0.0,0.0,1.0
1509,0.0,0.04,0.12,0.0,0.0,0.0,0.02,0.82
1510,0.0,0.0,0.02,0.0,0.0,0.0,0.0,0.98
1511,0.02,0.0,0.01,0.01,0.0,0.02,0.01,0.93
1512,0.09,0.09,0.01,0.15,0.15,0.14,0.1,0.27
1513,0.0,0.0,0.0,0.0,0.0,0.0,0.0,1.0
1514,0.0,0.0,0.0,0.0,0.0,0.0,0.01,0.99
1515,0.0,0.0,0.13,0.0,0.0,0.0,0.01,0.86
1516,0.08,0.0,0.0,0.0,0.0,0.01,0.0,0.91
1517,0.04,0.03,0.0,0.05,0.02,0.07,0.05,0.74
1518,0.0,0.0,0.0,0.0,0.0,0.0,0.0,1.0
1519,0.0,0.0,0.03,0.0,0.0,0.0,0.0,0.97
1520,0.02,0.02,0.02,0.03,0.02,0.04,0.09,0.76
1521,0.0,0.0,0.01,0.0,0.01,0.0,0.0,0.98
1522,0.0,0.0,0.02,0.0,0.0,0.0,0.01,0.97
1523,0.0,0.0,0.0,0.0,0.0,0.0,0.0,1.0
1524,0.0,0.0,0.0,0.0,0.0,0.01,0.01,0.98
1525,0.06,0.01,0.0,0.01,0.0,0.01,0.07,0.84
1526,0.0,0.01,0.01,0.01,0.0,0.0,0.0,0.97
1527,0.0,0.01,0.04,0.0,0.0,0.0,0.0,0.95
1528,0.04,0.02,0.03,0.0,0.0,0.01,0.0,0.9
1529,0.0,0.01,0.02,0.0,0.0,0.0,0.03,0.94
1530,0.0,0.0,0.0,0.01,0.0,0.0,0.0,0.99
1531,0.01,0.0,0.0,0.0,0.0,0.0,0.0,0.99
1532,0.01,0.1,0.0,0.01,0.04,0.01,0.01,0.82
1533,0.01,0.0,0.1,0.0,0.0,0.0,0.02,0.87
1534,0.0,0.0,0.01,0.01,0.0,0.0,0.03,0.95
1535,0.0,0.0,0.0,0.0,0.0,0.0,0.01,0.99
1536,0.0,0.01,0.01,0.0,0.0,0.0,0.06,0.92
1537,0.0,0.0,0.04,0.0,0.0,0.01,0.01,0.94
1538,0.0,0.0,0.01,0.0,0.0,0.0,0.0,0.99
1539,0.01,0.0,0.0,0.0,0.0,0.0,0.04,0.95
1540,0.0,0.0,0.0,0.0,0.0,0.0,0.0,1.0
1541,0.01,0.0,0.0,0.0,0.01,0.0,0.01,0.97
1542,0.0,0.01,0.02,0.0,0.0,0.0,0.0,0.97
1543,0.0,0.0,0.0,0.0,0.02,0.0,0.0,0.98
1544,0.0,0.0,0.0,0.0,0.01,0.0,0.0,0.99
1545,0.0,0.06,0.05,0.06,0.02,0.03,0.05,0.73
1546,0.01,0.0,0.01,0.0,0.0,0.0,0.0,0.98
1547,0.02,0.05,0.03,0.03,0.02,0.08,0.06,0.71
1548,0.0,0.01,0.01,0.0,0.0,0.0,0.0,0.98
1549,0.04,0.03,0.02,0.03,0.02,0.0,0.04,0.82
1550,0.03,0.0,0.0,0.0,0.0,0.0,0.0,0.97
1551,0.01,0.0,0.0,0.0,0.0,0.0,0.0,0.99
1552,0.0,0.0,0.05,0.0,0.0,0.0,0.01,0.94
1553,0.0,0.02,0.0,0.0,0.0,0.0,0.0,0.98
1554,0.01,0.0,0.0,0.0,0.01,0.0,0.02,0.96
1555,0.01,0.0,0.03,0.0,0.0,0.0,0.0,0.96
1556,0.01,0.03,0.0,0.01,0.03,0.0,0.0,0.92
1557,0.01,0.0,0.0,0.0,0.0,0.0,0.0,0.99
1558,0.05,0.0,0.02,0.0,0.0,0.03,0.02,0.88
1559,0.01875,0.0,0.23125,0.0,0.0,0.0,0.0,0.75
1560,0.0,0.0,0.0,0.0,0.0,0.0,0.01,0.99
1561,0.03,0.02,0.01,0.02,0.03,0.06,0.02,0.81
1562,0.01,0.05,0.04,0.0,0.01,0.0,0.0,0.89
1563,0.0,0.0,0.0,0.0,0.0,0.0,0.0,1.0
1564,0.02,0.0,0.0,0.0,0.01,0.0,0.03,0.94
1565,0.0,0.0,0.0,0.01,0.0,0.0,0.0,0.99
1566,0.1,0.07,0.0,0.02,0.06,0.11,0.01,0.63
1567,0.12,0.2,0.0,0.09,0.1,0.14,0.05,0.3
1568,0.0,0.0,0.0,0.0,0.0,0.0,0.04,0.96
1569,0.02,0.03,0.04,0.0,0.05,0.04,0.06,0.76
1570,0.0,0.0,0.03,0.0,0.0,0.0,0.0,0.97
1571,0.0,0.02,0.0,0.0,0.0,0.0,0.01,0.97
1572,0.03,0.03,0.0,0.03,0.0,0.08,0.02,0.81
1573,0.13,0.13,0.0,0.09,0.11,0.18,0.1,0.26
1574,0.0,0.04,0.03,0.0,0.0,0.0,0.01,0.92
1575,0.02,0.0,0.0,0.0,0.01,0.0,0.0,0.97
1576,0.0,0.0,0.09,0.0,0.0,0.0,0.0,0.91
1577,0.01,0.02,0.26,0.03,0.04,0.01,0.0,0.63
1578,0.0,0.05,0.02,0.0,0.0,0.0,0.01,0.92
1579,0.0,0.0,0.0,0.0,0.0,0.0,0.0,1.0
1580,0.0,0.0,0.0,0.0,0.0,0.0,0.0,1.0
1581,0.0,0.0,0.02,0.0,0.0,0.0,0.0,0.98
1582,0.0,0.0,0.0,0.0,0.0,0.0,0.0,1.0
1583,0.03,0.0,0.02,0.0,0.0,0.01,0.0,0.94
1584,0.07,0.07,0.0,0.02,0.04,0.07,0.09,0.64
1585,0.02,0.06,0.0,0.01,0.02,0.02,0.02,0.85
1586,0.0,0.0,0.0,0.0,0.0,0.0,0.0,1.0
1587,0.01,0.01,0.03,0.0,0.0,0.0,0.0,0.95
1588,0.0,0.01,0.03,0.0,0.01,0.0,0.0,0.95
1589,0.05,0.09,0.01,0.03,0.05,0.04,0.04,0.69
1590,0.0,0.02,0.0,0.02,0.01,0.04,0.07,0.84
1591,0.0,0.01,0.0,0.0,0.0,0.0,0.0,0.99
1592,0.0,0.0,0.02,0.0,0.0,0.0,0.0,0.98
1593,0.0,0.01,0.03,0.0,0.01,0.0,0.0,0.95
1594,0.02,0.01,0.0,0.0,0.01,0.0,0.0,0.96
1595,0.0,0.0,0.0,0.0,0.0,0.0,0.0,1.0
1596,0.0,0.0,0.02,0.0,0.01,0.0,0.0,0.97
1597,0.0,0.0,0.01,0.0,0.0,0.0,0.01,0.98
1598,0.02,0.0,0.02,0.02,0.01,0.0,0.0,0.93
1599,0.01,0.0,0.0,0.0,0.01,0.0,0.0,0.98
